,species,dd long,dd lat,observation
0,bradypus_variegatus,-65.4,-10.3833,0
1,bradypus_variegatus,-65.1333,-16.8,0
2,bradypus_variegatus,-63.85,-17.4,0
3,bradypus_variegatus,-63.1667,-17.8,0
4,bradypus_variegatus,-56.7333,-2.6,0
5,bradypus_variegatus,-59.1333,-3.7,0
6,bradypus_variegatus,-60.0833,-3.1333,0
7,bradypus_variegatus,-64.8333,-0.5167,0
8,bradypus_variegatus,-60.0167,-3.1333,0
9,bradypus_variegatus,-62.0833,-3.8333,0
10,bradypus_variegatus,-40.0667,-19.3333,0
11,bradypus_variegatus,-49.5,-1.0,0
12,bradypus_variegatus,-52.2,-1.7,0
13,bradypus_variegatus,-54.9833,-2.75,0
14,bradypus_variegatus,-55.5,-3.6667,0
15,bradypus_variegatus,-55.1333,-2.8333,0
16,bradypus_variegatus,-55.0,-2.4333,0
17,bradypus_variegatus,-54.7,-2.4333,0
18,bradypus_variegatus,-55.1,-3.0833,0
19,bradypus_variegatus,-49.6833,-2.6833,0
20,bradypus_variegatus,-49.5,-2.5833,0
21,bradypus_variegatus,-69.95,-4.15,0
22,bradypus_variegatus,-75.5833,6.25,0
23,bradypus_variegatus,-75.0667,9.9667,0
24,bradypus_variegatus,-73.4333,10.15,0
25,bradypus_variegatus,-76.6833,5.1,0
26,bradypus_variegatus,-76.95,5.05,0
27,bradypus_variegatus,-77.1667,7.6667,0
28,bradypus_variegatus,-77.1167,8.0167,0
29,bradypus_variegatus,-76.2833,7.85,0
30,bradypus_variegatus,-67.9333,3.8667,0
31,bradypus_variegatus,-71.3167,12.35,0
32,bradypus_variegatus,-78.15,1.6833,0
33,bradypus_variegatus,-72.5833,8.5,0
34,bradypus_variegatus,-74.7667,-0.2,0
35,bradypus_variegatus,-75.3333,0.4667,0
36,bradypus_variegatus,-75.4,9.3,0
37,bradypus_variegatus,-75.35,9.5,0
38,bradypus_variegatus,-77.0833,3.6833,0
39,bradypus_variegatus,-84.5,10.3333,0
40,bradypus_variegatus,-83.6333,9.8833,0
41,bradypus_variegatus,-84.0167,10.6333,0
42,bradypus_variegatus,-83.5667,9.9167,0
43,bradypus_variegatus,-79.65,-3.7167,0
44,bradypus_variegatus,-79.6,-0.4667,0
45,bradypus_variegatus,-77.1333,-0.7,0
46,bradypus_variegatus,-77.95,-1.4833,0
47,bradypus_variegatus,-79.15,-0.25,0
48,bradypus_variegatus,-83.7,10.9333,0
49,bradypus_variegatus,-84.5333,13.95,0
50,bradypus_variegatus,-84.4333,12.15,0
51,bradypus_variegatus,-83.7667,12.15,0
52,bradypus_variegatus,-82.4,9.3,0
53,bradypus_variegatus,-82.5167,9.45,0
54,bradypus_variegatus,-82.7833,9.6,0
55,bradypus_variegatus,-79.9833,9.25,0
56,bradypus_variegatus,-79.9,9.2167,0
57,bradypus_variegatus,-79.6,9.2833,0
58,bradypus_variegatus,-77.6,8.0,0
59,bradypus_variegatus,-77.75,8.1,0
60,bradypus_variegatus,-77.7333,8.1333,0
61,bradypus_variegatus,-78.3667,7.9667,0
62,bradypus_variegatus,-77.4333,7.9833,0
63,bradypus_variegatus,-79.85,9.15,0
64,bradypus_variegatus,-79.8,8.8667,0
65,bradypus_variegatus,-77.1167,-4.65,0
66,bradypus_variegatus,-74.0833,-2.3667,0
67,bradypus_variegatus,-73.25,-3.7667,0
68,bradypus_variegatus,-74.2167,-4.8333,0
69,bradypus_variegatus,-72.1333,-3.4333,0
70,bradypus_variegatus,-73.05,-3.4667,0
71,bradypus_variegatus,-74.2167,-4.7,0
72,bradypus_variegatus,-75.1,-6.7333,0
73,bradypus_variegatus,-74.5333,-8.3833,0
74,bradypus_variegatus,-65.55,3.1667,0
75,bradypus_variegatus,-65.9167,3.0833,0
76,bradypus_variegatus,-66.2167,5.3,0
77,bradypus_variegatus,-67.6833,10.3667,0
78,bradypus_variegatus,-68.3833,10.5333,0
79,bradypus_variegatus,-66.8333,10.3667,0
80,bradypus_variegatus,-72.6,9.15,0
81,microryzomys_minutus,-64.7,-17.85,0
82,microryzomys_minutus,-67.8333,-16.3333,0
83,microryzomys_minutus,-67.8833,-16.3,0
84,microryzomys_minutus,-67.8,-16.2667,0
85,microryzomys_minutus,-67.9833,-15.9,0
86,microryzomys_minutus,-70.9167,-13.5,0
87,microryzomys_minutus,-72.35,-12.8833,0
88,microryzomys_minutus,-73.8167,-12.7833,0
89,microryzomys_minutus,-75.7,-11.4167,0
90,microryzomys_minutus,-75.5333,-11.2667,0
91,microryzomys_minutus,-76.2333,-9.9167,0
92,microryzomys_minutus,-76.15,-9.7,0
93,microryzomys_minutus,-76.0333,-9.7,0
94,microryzomys_minutus,-79.05,-6.9,0
95,microryzomys_minutus,-77.7,-6.63333,0
96,microryzomys_minutus,-77.3333,-6.11667,0
97,microryzomys_minutus,-77.95,-5.88333,0
98,microryzomys_minutus,-78.1667,-5.5,0
99,microryzomys_minutus,-79.6,-5.4,0
100,microryzomys_minutus,-79.3833,-5.11667,0
101,microryzomys_minutus,-79.6667,-3.66667,0
102,microryzomys_minutus,-79.6833,-3.63333,0
103,microryzomys_minutus,-79.4333,-2.8,0
104,microryzomys_minutus,-78.4167,-1.4,0
105,microryzomys_minutus,-78.4833,-1.36667,0
106,microryzomys_minutus,-78.3833,-0.36667,0
107,microryzomys_minutus,-78.5833,-0.05,0
108,microryzomys_minutus,-78.4167,0.116667,0
109,microryzomys_minutus,-78.8333,0.116667,0
110,microryzomys_minutus,-78.5333,0.15,0
111,microryzomys_minutus,-78.8667,0.2,0
112,microryzomys_minutus,-76.4833,1.95,0
113,microryzomys_minutus,-76.3,2.483333,0
114,microryzomys_minutus,-76.9167,2.583333,0
115,microryzomys_minutus,-76.95,2.666667,0
116,microryzomys_minutus,-74.3667,4.35,0
117,microryzomys_minutus,-74.0833,4.566667,0
118,microryzomys_minutus,-75.5,4.583333,0
119,microryzomys_minutus,-74.0833,4.6,0
120,microryzomys_minutus,-74.5333,4.75,0
121,microryzomys_minutus,-73.8667,4.866667,0
122,microryzomys_minutus,-75.45,7.083333,0
123,microryzomys_minutus,-72.4333,7.45,0
124,microryzomys_minutus,-71.15,8.6,0
125,microryzomys_minutus,-71.0167,8.6,0
126,microryzomys_minutus,-71.0833,8.75,0
127,microryzomys_minutus,-70.85,8.8,0
128,microryzomys_minutus,-71.25,8.833333,0
129,microryzomys_minutus,-70.7667,8.983333,0
130,microryzomys_minutus,-70.3,9.35,0
131,microryzomys_minutus,-63.8667,10.11667,0
132,microryzomys_minutus,-67.1667,10.43333,0
133,microryzomys_minutus,-66.8667,10.55,0
134,microryzomys_minutus,-73.5,10.91667,0
135,microryzomys_minutus,-77.8333,-6.75,0
136,microryzomys_minutus,-79.1333,-2.85,0
137,microryzomys_minutus,-78.95,-2.48333,0
138,microryzomys_minutus,-78.9667,-2.4,0
139,microryzomys_minutus,-78.4667,-0.3,0
140,microryzomys_minutus,-78.55,-0.16667,0
141,microryzomys_minutus,-78.2667,0.13333,0
142,bradypus_variegatus,-65.3833,-10.3833,1
143,bradypus_variegatus,-63.6667,-17.45,1
144,bradypus_variegatus,-63.85,-17.4,1
145,bradypus_variegatus,-64.4167,-16.0,1
146,bradypus_variegatus,-63.1667,-17.8,1
147,bradypus_variegatus,-56.7333,-2.6,1
148,bradypus_variegatus,-59.1333,-3.7,1
149,bradypus_variegatus,-60.0833,-3.1333,1
150,bradypus_variegatus,-62.0833,-3.8333,1
151,bradypus_variegatus,-40.0667,-19.3333,1
152,bradypus_variegatus,-52.6667,-3.8333,1
153,bradypus_variegatus,-49.5,-1.0,1
154,bradypus_variegatus,-52.2,-1.7,1
155,bradypus_variegatus,-54.9833,-2.75,1
156,bradypus_variegatus,-55.1,-3.0833,1
157,bradypus_variegatus,-49.6833,-2.6833,1
158,bradypus_variegatus,-49.5,-2.25,1
159,bradypus_variegatus,-49.5,-2.5833,1
160,bradypus_variegatus,-46.7333,-23.45,1
161,bradypus_variegatus,-69.95,-4.15,1
162,bradypus_variegatus,-76.2667,7.0167,1
163,bradypus_variegatus,-75.5833,6.25,1
164,bradypus_variegatus,-76.7167,8.1,1
165,bradypus_variegatus,-75.05,7.35,1
166,bradypus_variegatus,-75.0667,9.9667,1
167,bradypus_variegatus,-74.0,10.3,1
168,bradypus_variegatus,-77.7667,7.1167,1
169,bradypus_variegatus,-76.95,5.05,1
170,bradypus_variegatus,-77.1667,7.6667,1
171,bradypus_variegatus,-77.1167,8.0167,1
172,bradypus_variegatus,-75.6833,8.2833,1
173,bradypus_variegatus,-76.2833,7.85,1
174,bradypus_variegatus,-74.3,4.5833,1
175,bradypus_variegatus,-67.9333,3.8667,1
176,bradypus_variegatus,-73.6167,4.15,1
177,bradypus_variegatus,-78.15,1.6833,1
178,bradypus_variegatus,-72.5167,7.9,1
179,bradypus_variegatus,-74.7667,-0.2,1
180,bradypus_variegatus,-75.3333,0.4667,1
181,bradypus_variegatus,-73.9167,7.1667,1
182,bradypus_variegatus,-75.4,9.3,1
183,bradypus_variegatus,-75.35,9.5,1
184,bradypus_variegatus,-77.0833,3.6833,1
185,bradypus_variegatus,-84.5,10.3333,1
186,bradypus_variegatus,-83.6333,9.8833,1
187,bradypus_variegatus,-84.0167,10.6333,1
188,bradypus_variegatus,-83.5667,9.9167,1
189,bradypus_variegatus,-83.4667,8.95,1
190,bradypus_variegatus,-77.1333,-0.7,1
191,bradypus_variegatus,-77.95,-1.4833,1
192,bradypus_variegatus,-79.15,-0.25,1
193,bradypus_variegatus,-85.9333,13.1833,1
194,bradypus_variegatus,-84.5333,13.95,1
195,bradypus_variegatus,-84.4333,12.15,1
196,bradypus_variegatus,-82.4,9.3,1
197,bradypus_variegatus,-79.8167,9.1667,1
198,bradypus_variegatus,-79.9333,9.25,1
199,bradypus_variegatus,-79.9,9.2167,1
200,bradypus_variegatus,-79.6,9.2833,1
201,bradypus_variegatus,-77.3,8.1667,1
202,bradypus_variegatus,-77.6,8.0,1
203,bradypus_variegatus,-77.75,8.1,1
204,bradypus_variegatus,-78.3667,7.9667,1
205,bradypus_variegatus,-77.4333,7.9833,1
206,bradypus_variegatus,-79.85,9.15,1
207,bradypus_variegatus,-79.35,9.2333,1
208,bradypus_variegatus,-79.8,8.8667,1
209,bradypus_variegatus,-79.6,8.9,1
210,bradypus_variegatus,-77.1167,-4.65,1
211,bradypus_variegatus,-74.0833,-2.3667,1
212,bradypus_variegatus,-73.25,-3.7667,1
213,bradypus_variegatus,-72.1,-3.3167,1
214,bradypus_variegatus,-72.1333,-3.4333,1
215,bradypus_variegatus,-73.05,-3.4667,1
216,bradypus_variegatus,-74.2167,-4.7,1
217,bradypus_variegatus,-75.1,-6.7333,1
218,bradypus_variegatus,-76.05,-5.8333,1
219,bradypus_variegatus,-74.5333,-8.3833,1
220,bradypus_variegatus,-65.9167,3.0833,1
221,bradypus_variegatus,-66.2167,5.3,1
222,bradypus_variegatus,-66.8333,10.3667,1
223,microryzomys_minutus,-67.8333,-16.3333,1
224,microryzomys_minutus,-67.8833,-16.3,1
225,microryzomys_minutus,-67.8,-16.2667,1
226,microryzomys_minutus,-70.9167,-13.5,1
227,microryzomys_minutus,-72.5,-13.1667,1
228,microryzomys_minutus,-73.8167,-12.7833,1
229,microryzomys_minutus,-75.7,-11.4167,1
230,microryzomys_minutus,-75.5333,-11.2667,1
231,microryzomys_minutus,-75.8667,-10.4667,1
232,microryzomys_minutus,-76.2333,-9.9167,1
233,microryzomys_minutus,-76.0333,-9.7,1
234,microryzomys_minutus,-77.95,-5.88333,1
235,microryzomys_minutus,-78.1667,-5.5,1
236,microryzomys_minutus,-79.3833,-5.11667,1
237,microryzomys_minutus,-79.4333,-2.8,1
238,microryzomys_minutus,-78.4333,-1.45,1
239,microryzomys_minutus,-78.4167,-1.4,1
240,microryzomys_minutus,-78.4833,-1.36667,1
241,microryzomys_minutus,-77.8833,-0.45,1
242,microryzomys_minutus,-78.3833,-0.36667,1
243,microryzomys_minutus,-78.4,-0.21667,1
244,microryzomys_minutus,-78.6,-0.1,1
245,microryzomys_minutus,-78.5833,-0.05,1
246,microryzomys_minutus,-78.8333,0.116667,1
247,microryzomys_minutus,-78.8667,0.2,1
248,microryzomys_minutus,-76.6,1.916667,1
249,microryzomys_minutus,-76.5667,1.95,1
250,microryzomys_minutus,-76.3,2.483333,1
251,microryzomys_minutus,-76.95,2.533333,1
252,microryzomys_minutus,-76.9167,2.583333,1
253,microryzomys_minutus,-74.3667,4.35,1
254,microryzomys_minutus,-74.0833,4.566667,1
255,microryzomys_minutus,-75.5,4.583333,1
256,microryzomys_minutus,-75.5667,4.633333,1
257,microryzomys_minutus,-74.5333,4.75,1
258,microryzomys_minutus,-74.6333,4.85,1
259,microryzomys_minutus,-73.8667,4.866667,1
260,microryzomys_minutus,-76.0667,6.466667,1
261,microryzomys_minutus,-75.45,7.083333,1
262,microryzomys_minutus,-72.4333,7.45,1
263,microryzomys_minutus,-71.15,8.6,1
264,microryzomys_minutus,-71.4,8.6,1
265,microryzomys_minutus,-71.0167,8.6,1
266,microryzomys_minutus,-71.0833,8.75,1
267,microryzomys_minutus,-70.85,8.8,1
268,microryzomys_minutus,-71.25,8.833333,1
269,microryzomys_minutus,-70.3,9.35,1
270,microryzomys_minutus,-63.8667,10.11667,1
271,microryzomys_minutus,-63.5333,10.2,1
272,microryzomys_minutus,-66.8667,10.55,1
273,microryzomys_minutus,-73.65,10.71667,1
274,microryzomys_minutus,-73.5,10.91667,1
275,microryzomys_minutus,-79.0167,-3.41667,1
276,microryzomys_minutus,-78.95,-2.48333,1
277,microryzomys_minutus,-78.9667,-2.4,1
278,microryzomys_minutus,-78.5,-1.3,1
279,microryzomys_minutus,-78.1333,-0.36667,1
280,microryzomys_minutus,-78.55,-0.16667,1
281,microryzomys_minutus,-78.2667,0.13333,1
282,microryzomys_minutus,-77.8167,0.6,1
283,microryzomys_minutus,-75.3833,4.96667,1
284,bradypus_variegatus,-65.4,-10.3833,2
285,bradypus_variegatus,-65.1333,-16.8,2
286,bradypus_variegatus,-63.6667,-17.45,2
287,bradypus_variegatus,-64.4167,-16.0,2
288,bradypus_variegatus,-63.1667,-17.8,2
289,bradypus_variegatus,-56.7333,-2.6,2
290,bradypus_variegatus,-59.1333,-3.7,2
291,bradypus_variegatus,-60.0833,-3.1333,2
292,bradypus_variegatus,-60.0167,-3.1333,2
293,bradypus_variegatus,-62.0833,-3.8333,2
294,bradypus_variegatus,-40.0667,-19.3333,2
295,bradypus_variegatus,-52.6667,-3.8333,2
296,bradypus_variegatus,-49.5,-1.0,2
297,bradypus_variegatus,-52.2,-1.7,2
298,bradypus_variegatus,-54.9833,-2.75,2
299,bradypus_variegatus,-55.1333,-2.8333,2
300,bradypus_variegatus,-55.1,-3.0833,2
301,bradypus_variegatus,-55.2833,-3.45,2
302,bradypus_variegatus,-49.6833,-2.6833,2
303,bradypus_variegatus,-49.5,-2.25,2
304,bradypus_variegatus,-49.5,-2.5833,2
305,bradypus_variegatus,-46.7333,-23.45,2
306,bradypus_variegatus,-76.2667,7.0167,2
307,bradypus_variegatus,-75.5833,6.25,2
308,bradypus_variegatus,-76.7167,8.1,2
309,bradypus_variegatus,-75.05,7.35,2
310,bradypus_variegatus,-75.0667,9.9667,2
311,bradypus_variegatus,-74.0,10.3,2
312,bradypus_variegatus,-73.4333,10.15,2
313,bradypus_variegatus,-77.7667,7.1167,2
314,bradypus_variegatus,-76.95,5.05,2
315,bradypus_variegatus,-71.3167,12.35,2
316,bradypus_variegatus,-78.15,1.6833,2
317,bradypus_variegatus,-74.7667,-0.2,2
318,bradypus_variegatus,-75.3333,0.4667,2
319,bradypus_variegatus,-73.9167,7.1667,2
320,bradypus_variegatus,-75.4,9.3,2
321,bradypus_variegatus,-76.9333,4.0,2
322,bradypus_variegatus,-77.0833,3.6833,2
323,bradypus_variegatus,-84.5,10.3333,2
324,bradypus_variegatus,-83.6333,9.8833,2
325,bradypus_variegatus,-84.0167,10.6333,2
326,bradypus_variegatus,-83.5667,9.9167,2
327,bradypus_variegatus,-83.4667,8.95,2
328,bradypus_variegatus,-79.65,-3.7167,2
329,bradypus_variegatus,-79.4667,0.3333,2
330,bradypus_variegatus,-79.75,-1.5333,2
331,bradypus_variegatus,-79.6,-0.4667,2
332,bradypus_variegatus,-77.1333,-0.7,2
333,bradypus_variegatus,-77.95,-1.4833,2
334,bradypus_variegatus,-83.7,10.9333,2
335,bradypus_variegatus,-84.4333,12.15,2
336,bradypus_variegatus,-83.7667,12.15,2
337,bradypus_variegatus,-82.4,9.3,2
338,bradypus_variegatus,-82.5167,9.45,2
339,bradypus_variegatus,-81.8,8.9333,2
340,bradypus_variegatus,-82.7833,9.6,2
341,bradypus_variegatus,-82.25,9.1833,2
342,bradypus_variegatus,-79.8167,9.1667,2
343,bradypus_variegatus,-79.9833,9.25,2
344,bradypus_variegatus,-77.3,8.1667,2
345,bradypus_variegatus,-77.6,8.0,2
346,bradypus_variegatus,-77.7333,8.1333,2
347,bradypus_variegatus,-78.3667,7.9667,2
348,bradypus_variegatus,-77.4333,7.9833,2
349,bradypus_variegatus,-79.5833,8.95,2
350,bradypus_variegatus,-79.85,9.15,2
351,bradypus_variegatus,-79.35,9.2333,2
352,bradypus_variegatus,-79.8,8.8667,2
353,bradypus_variegatus,-77.1167,-4.65,2
354,bradypus_variegatus,-74.0833,-2.3667,2
355,bradypus_variegatus,-73.25,-3.7667,2
356,bradypus_variegatus,-74.2167,-4.8333,2
357,bradypus_variegatus,-73.05,-3.4667,2
358,bradypus_variegatus,-75.1,-6.7333,2
359,bradypus_variegatus,-76.05,-5.8333,2
360,bradypus_variegatus,-74.5333,-8.3833,2
361,bradypus_variegatus,-65.9167,3.0833,2
362,bradypus_variegatus,-66.2167,5.3,2
363,bradypus_variegatus,-68.3833,10.5333,2
364,bradypus_variegatus,-72.6,9.15,2
365,microryzomys_minutus,-64.7,-17.85,2
366,microryzomys_minutus,-67.8333,-16.3333,2
367,microryzomys_minutus,-67.8833,-16.3,2
368,microryzomys_minutus,-67.9833,-15.9,2
369,microryzomys_minutus,-70.9167,-13.5,2
370,microryzomys_minutus,-72.5667,-13.1167,2
371,microryzomys_minutus,-72.35,-12.8833,2
372,microryzomys_minutus,-73.8167,-12.7833,2
373,microryzomys_minutus,-75.8667,-10.4667,2
374,microryzomys_minutus,-76.2333,-9.9167,2
375,microryzomys_minutus,-76.15,-9.7,2
376,microryzomys_minutus,-76.0333,-9.7,2
377,microryzomys_minutus,-77.7,-6.63333,2
378,microryzomys_minutus,-77.3333,-6.11667,2
379,microryzomys_minutus,-77.95,-5.88333,2
380,microryzomys_minutus,-79.6,-5.4,2
381,microryzomys_minutus,-79.6667,-3.66667,2
382,microryzomys_minutus,-79.6833,-3.63333,2
383,microryzomys_minutus,-79.4333,-2.8,2
384,microryzomys_minutus,-78.9833,-2.28333,2
385,microryzomys_minutus,-78.4333,-1.45,2
386,microryzomys_minutus,-78.4167,-1.4,2
387,microryzomys_minutus,-78.4833,-1.36667,2
388,microryzomys_minutus,-77.8833,-0.45,2
389,microryzomys_minutus,-78.3833,-0.36667,2
390,microryzomys_minutus,-78.4,-0.21667,2
391,microryzomys_minutus,-78.6,-0.1,2
392,microryzomys_minutus,-78.5833,-0.05,2
393,microryzomys_minutus,-78.4167,0.116667,2
394,microryzomys_minutus,-78.8333,0.116667,2
395,microryzomys_minutus,-76.6,1.916667,2
396,microryzomys_minutus,-76.4833,1.95,2
397,microryzomys_minutus,-76.5667,1.95,2
398,microryzomys_minutus,-76.3,2.483333,2
399,microryzomys_minutus,-76.95,2.533333,2
400,microryzomys_minutus,-76.9167,2.583333,2
401,microryzomys_minutus,-74.3667,4.35,2
402,microryzomys_minutus,-75.5,4.583333,2
403,microryzomys_minutus,-74.5333,4.75,2
404,microryzomys_minutus,-74.6333,4.85,2
405,microryzomys_minutus,-73.8667,4.866667,2
406,microryzomys_minutus,-75.55,6.166667,2
407,microryzomys_minutus,-76.0667,6.466667,2
408,microryzomys_minutus,-75.45,7.083333,2
409,microryzomys_minutus,-72.4333,7.45,2
410,microryzomys_minutus,-71.15,8.6,2
411,microryzomys_minutus,-71.4,8.6,2
412,microryzomys_minutus,-71.0167,8.6,2
413,microryzomys_minutus,-71.0833,8.75,2
414,microryzomys_minutus,-71.25,8.833333,2
415,microryzomys_minutus,-63.5333,10.2,2
416,microryzomys_minutus,-66.8667,10.55,2
417,microryzomys_minutus,-73.65,10.71667,2
418,microryzomys_minutus,-77.8333,-6.75,2
419,microryzomys_minutus,-79.0167,-3.41667,2
420,microryzomys_minutus,-79.1333,-2.85,2
421,microryzomys_minutus,-78.9667,-2.4,2
422,microryzomys_minutus,-78.55,-0.16667,2
423,microryzomys_minutus,-78.2667,0.13333,2
424,microryzomys_minutus,-77.8167,0.6,2
425,microryzomys_minutus,-75.3833,4.96667,2
426,bradypus_variegatus,-65.4,-10.3833,3
427,bradypus_variegatus,-65.3833,-10.3833,3
428,bradypus_variegatus,-65.1333,-16.8,3
429,bradypus_variegatus,-63.85,-17.4,3
430,bradypus_variegatus,-64.4167,-16.0,3
431,bradypus_variegatus,-63.1667,-17.8,3
432,bradypus_variegatus,-56.7333,-2.6,3
433,bradypus_variegatus,-59.1333,-3.7,3
434,bradypus_variegatus,-60.0833,-3.1333,3
435,bradypus_variegatus,-64.8333,-0.5167,3
436,bradypus_variegatus,-60.0167,-3.1333,3
437,bradypus_variegatus,-62.0833,-3.8333,3
438,bradypus_variegatus,-52.6667,-3.8333,3
439,bradypus_variegatus,-55.55,-1.9167,3
440,bradypus_variegatus,-52.2,-1.7,3
441,bradypus_variegatus,-54.9833,-2.75,3
442,bradypus_variegatus,-55.5,-3.6667,3
443,bradypus_variegatus,-55.1333,-2.8333,3
444,bradypus_variegatus,-55.1,-3.0833,3
445,bradypus_variegatus,-49.6833,-2.6833,3
446,bradypus_variegatus,-49.5,-2.25,3
447,bradypus_variegatus,-46.7333,-23.45,3
448,bradypus_variegatus,-69.95,-4.15,3
449,bradypus_variegatus,-76.2667,7.0167,3
450,bradypus_variegatus,-75.5833,6.25,3
451,bradypus_variegatus,-76.7167,8.1,3
452,bradypus_variegatus,-75.05,7.35,3
453,bradypus_variegatus,-74.0,10.3,3
454,bradypus_variegatus,-76.6833,5.1,3
455,bradypus_variegatus,-77.7667,7.1167,3
456,bradypus_variegatus,-76.6667,5.7,3
457,bradypus_variegatus,-77.1167,8.0167,3
458,bradypus_variegatus,-75.6833,8.2833,3
459,bradypus_variegatus,-76.2833,7.85,3
460,bradypus_variegatus,-74.3,4.5833,3
461,bradypus_variegatus,-73.6167,4.15,3
462,bradypus_variegatus,-72.5833,8.5,3
463,bradypus_variegatus,-72.5167,7.9,3
464,bradypus_variegatus,-74.7667,-0.2,3
465,bradypus_variegatus,-75.3333,0.4667,3
466,bradypus_variegatus,-73.9167,7.1667,3
467,bradypus_variegatus,-75.4,9.3,3
468,bradypus_variegatus,-75.35,9.5,3
469,bradypus_variegatus,-76.9333,4.0,3
470,bradypus_variegatus,-77.0833,3.6833,3
471,bradypus_variegatus,-83.6333,9.8833,3
472,bradypus_variegatus,-84.0167,10.6333,3
473,bradypus_variegatus,-83.5667,9.9167,3
474,bradypus_variegatus,-83.4667,8.95,3
475,bradypus_variegatus,-79.65,-3.7167,3
476,bradypus_variegatus,-79.4667,0.3333,3
477,bradypus_variegatus,-79.75,-1.5333,3
478,bradypus_variegatus,-77.1333,-0.7,3
479,bradypus_variegatus,-77.95,-1.4833,3
480,bradypus_variegatus,-79.15,-0.25,3
481,bradypus_variegatus,-85.9333,13.1833,3
482,bradypus_variegatus,-83.7,10.9333,3
483,bradypus_variegatus,-84.5333,13.95,3
484,bradypus_variegatus,-84.4333,12.15,3
485,bradypus_variegatus,-82.4,9.3,3
486,bradypus_variegatus,-82.5167,9.45,3
487,bradypus_variegatus,-82.25,9.1833,3
488,bradypus_variegatus,-79.8167,9.1667,3
489,bradypus_variegatus,-79.9833,9.25,3
490,bradypus_variegatus,-79.9,9.2167,3
491,bradypus_variegatus,-79.6,9.2833,3
492,bradypus_variegatus,-77.3,8.1667,3
493,bradypus_variegatus,-77.75,8.1,3
494,bradypus_variegatus,-77.4333,7.9833,3
495,bradypus_variegatus,-79.5833,8.95,3
496,bradypus_variegatus,-79.35,9.2333,3
497,bradypus_variegatus,-79.8,8.8667,3
498,bradypus_variegatus,-79.6,8.9,3
499,bradypus_variegatus,-77.1167,-4.65,3
500,bradypus_variegatus,-73.25,-3.7667,3
501,bradypus_variegatus,-72.1,-3.3167,3
502,bradypus_variegatus,-72.1333,-3.4333,3
503,bradypus_variegatus,-74.2167,-4.7,3
504,bradypus_variegatus,-76.05,-5.8333,3
505,bradypus_variegatus,-66.8333,10.3667,3
506,bradypus_variegatus,-72.6,9.15,3
507,microryzomys_minutus,-67.8,-16.2667,3
508,microryzomys_minutus,-72.5,-13.1667,3
509,microryzomys_minutus,-72.35,-12.8833,3
510,microryzomys_minutus,-73.8167,-12.7833,3
511,microryzomys_minutus,-75.7,-11.4167,3
512,microryzomys_minutus,-75.5333,-11.2667,3
513,microryzomys_minutus,-75.8667,-10.4667,3
514,microryzomys_minutus,-76.2333,-9.9167,3
515,microryzomys_minutus,-79.05,-6.9,3
516,microryzomys_minutus,-77.7,-6.63333,3
517,microryzomys_minutus,-77.55,-6.18333,3
518,microryzomys_minutus,-77.3333,-6.11667,3
519,microryzomys_minutus,-79.6,-5.4,3
520,microryzomys_minutus,-79.3833,-5.11667,3
521,microryzomys_minutus,-79.6667,-3.66667,3
522,microryzomys_minutus,-79.6833,-3.63333,3
523,microryzomys_minutus,-79.4333,-2.8,3
524,microryzomys_minutus,-78.9833,-2.28333,3
525,microryzomys_minutus,-78.4167,-1.4,3
526,microryzomys_minutus,-78.4833,-1.36667,3
527,microryzomys_minutus,-77.8833,-0.45,3
528,microryzomys_minutus,-78.6,-0.1,3
529,microryzomys_minutus,-78.5833,-0.05,3
530,microryzomys_minutus,-78.8333,0.116667,3
531,microryzomys_minutus,-78.8667,0.2,3
532,microryzomys_minutus,-76.6,1.916667,3
533,microryzomys_minutus,-76.5667,1.95,3
534,microryzomys_minutus,-76.3,2.483333,3
535,microryzomys_minutus,-76.95,2.666667,3
536,microryzomys_minutus,-74.3667,4.35,3
537,microryzomys_minutus,-74.0833,4.566667,3
538,microryzomys_minutus,-75.5,4.583333,3
539,microryzomys_minutus,-74.0833,4.6,3
540,microryzomys_minutus,-75.5667,4.633333,3
541,microryzomys_minutus,-74.5333,4.75,3
542,microryzomys_minutus,-74.6333,4.85,3
543,microryzomys_minutus,-73.8667,4.866667,3
544,microryzomys_minutus,-76.0667,6.466667,3
545,microryzomys_minutus,-75.45,7.083333,3
546,microryzomys_minutus,-72.4333,7.45,3
547,microryzomys_minutus,-71.15,8.6,3
548,microryzomys_minutus,-71.0167,8.6,3
549,microryzomys_minutus,-71.35,8.633333,3
550,microryzomys_minutus,-71.0833,8.75,3
551,microryzomys_minutus,-70.85,8.8,3
552,microryzomys_minutus,-71.25,8.833333,3
553,microryzomys_minutus,-70.7667,8.983333,3
554,microryzomys_minutus,-70.3,9.35,3
555,microryzomys_minutus,-63.8667,10.11667,3
556,microryzomys_minutus,-63.5333,10.2,3
557,microryzomys_minutus,-67.1667,10.43333,3
558,microryzomys_minutus,-77.8333,-6.75,3
559,microryzomys_minutus,-79.0167,-3.41667,3
560,microryzomys_minutus,-78.95,-2.48333,3
561,microryzomys_minutus,-78.9667,-2.4,3
562,microryzomys_minutus,-78.5,-1.3,3
563,microryzomys_minutus,-78.1333,-0.36667,3
564,microryzomys_minutus,-78.4667,-0.3,3
565,microryzomys_minutus,-78.55,-0.16667,3
566,microryzomys_minutus,-77.8167,0.6,3
567,microryzomys_minutus,-75.3833,4.96667,3
568,bradypus_variegatus,-65.4,-10.3833,4
569,bradypus_variegatus,-65.3833,-10.3833,4
570,bradypus_variegatus,-65.1333,-16.8,4
571,bradypus_variegatus,-63.6667,-17.45,4
572,bradypus_variegatus,-63.85,-17.4,4
573,bradypus_variegatus,-64.4167,-16.0,4
574,bradypus_variegatus,-63.1667,-17.8,4
575,bradypus_variegatus,-56.7333,-2.6,4
576,bradypus_variegatus,-60.0833,-3.1333,4
577,bradypus_variegatus,-64.8333,-0.5167,4
578,bradypus_variegatus,-62.0833,-3.8333,4
579,bradypus_variegatus,-40.0667,-19.3333,4
580,bradypus_variegatus,-52.6667,-3.8333,4
581,bradypus_variegatus,-49.5,-1.0,4
582,bradypus_variegatus,-52.2,-1.7,4
583,bradypus_variegatus,-54.9833,-2.75,4
584,bradypus_variegatus,-55.5,-3.6667,4
585,bradypus_variegatus,-55.1333,-2.8333,4
586,bradypus_variegatus,-55.0,-2.4333,4
587,bradypus_variegatus,-55.2833,-3.45,4
588,bradypus_variegatus,-49.5,-2.25,4
589,bradypus_variegatus,-49.5,-2.5833,4
590,bradypus_variegatus,-69.95,-4.15,4
591,bradypus_variegatus,-76.2667,7.0167,4
592,bradypus_variegatus,-75.5833,6.25,4
593,bradypus_variegatus,-75.05,7.35,4
594,bradypus_variegatus,-75.0667,9.9667,4
595,bradypus_variegatus,-76.6833,5.1,4
596,bradypus_variegatus,-77.7667,7.1167,4
597,bradypus_variegatus,-76.6667,5.7,4
598,bradypus_variegatus,-76.95,5.05,4
599,bradypus_variegatus,-77.1667,7.6667,4
600,bradypus_variegatus,-77.1167,8.0167,4
601,bradypus_variegatus,-75.6833,8.2833,4
602,bradypus_variegatus,-74.7333,9.1167,4
603,bradypus_variegatus,-76.2833,7.85,4
604,bradypus_variegatus,-74.3,4.5833,4
605,bradypus_variegatus,-67.9333,3.8667,4
606,bradypus_variegatus,-71.3167,12.35,4
607,bradypus_variegatus,-73.6167,4.15,4
608,bradypus_variegatus,-78.15,1.6833,4
609,bradypus_variegatus,-72.5167,7.9,4
610,bradypus_variegatus,-74.7667,-0.2,4
611,bradypus_variegatus,-75.3333,0.4667,4
612,bradypus_variegatus,-75.4,9.3,4
613,bradypus_variegatus,-75.35,9.5,4
614,bradypus_variegatus,-77.0833,3.6833,4
615,bradypus_variegatus,-84.5,10.3333,4
616,bradypus_variegatus,-83.6333,9.8833,4
617,bradypus_variegatus,-79.65,-3.7167,4
618,bradypus_variegatus,-79.75,-1.5333,4
619,bradypus_variegatus,-79.6,-0.4667,4
620,bradypus_variegatus,-77.1333,-0.7,4
621,bradypus_variegatus,-79.15,-0.25,4
622,bradypus_variegatus,-84.5333,13.95,4
623,bradypus_variegatus,-83.7667,12.15,4
624,bradypus_variegatus,-82.4,9.3,4
625,bradypus_variegatus,-82.5167,9.45,4
626,bradypus_variegatus,-82.7833,9.6,4
627,bradypus_variegatus,-82.25,9.1833,4
628,bradypus_variegatus,-79.8167,9.1667,4
629,bradypus_variegatus,-79.9333,9.25,4
630,bradypus_variegatus,-79.9,9.2167,4
631,bradypus_variegatus,-79.6,9.2833,4
632,bradypus_variegatus,-77.6,8.0,4
633,bradypus_variegatus,-77.7333,8.1333,4
634,bradypus_variegatus,-77.4333,7.9833,4
635,bradypus_variegatus,-79.5833,8.95,4
636,bradypus_variegatus,-79.35,9.2333,4
637,bradypus_variegatus,-79.8,8.8667,4
638,bradypus_variegatus,-79.6,8.9,4
639,bradypus_variegatus,-74.0833,-2.3667,4
640,bradypus_variegatus,-74.2167,-4.8333,4
641,bradypus_variegatus,-72.1,-3.3167,4
642,bradypus_variegatus,-72.1333,-3.4333,4
643,bradypus_variegatus,-73.05,-3.4667,4
644,bradypus_variegatus,-75.1,-6.7333,4
645,bradypus_variegatus,-76.05,-5.8333,4
646,bradypus_variegatus,-74.5333,-8.3833,4
647,bradypus_variegatus,-65.55,3.1667,4
648,bradypus_variegatus,-66.2167,5.3,4
649,microryzomys_minutus,-64.7,-17.85,4
650,microryzomys_minutus,-67.8833,-16.3,4
651,microryzomys_minutus,-67.9833,-15.9,4
652,microryzomys_minutus,-72.5667,-13.1167,4
653,microryzomys_minutus,-73.8167,-12.7833,4
654,microryzomys_minutus,-75.5333,-11.2667,4
655,microryzomys_minutus,-75.8667,-10.4667,4
656,microryzomys_minutus,-76.2333,-9.9167,4
657,microryzomys_minutus,-79.05,-6.9,4
658,microryzomys_minutus,-77.7,-6.63333,4
659,microryzomys_minutus,-77.55,-6.18333,4
660,microryzomys_minutus,-77.95,-5.88333,4
661,microryzomys_minutus,-79.3833,-5.11667,4
662,microryzomys_minutus,-79.6667,-3.66667,4
663,microryzomys_minutus,-79.6833,-3.63333,4
664,microryzomys_minutus,-79.4333,-2.8,4
665,microryzomys_minutus,-78.4333,-1.45,4
666,microryzomys_minutus,-78.4167,-1.4,4
667,microryzomys_minutus,-78.4833,-1.36667,4
668,microryzomys_minutus,-77.8833,-0.45,4
669,microryzomys_minutus,-78.3833,-0.36667,4
670,microryzomys_minutus,-78.4,-0.21667,4
671,microryzomys_minutus,-78.5833,-0.05,4
672,microryzomys_minutus,-78.8333,0.116667,4
673,microryzomys_minutus,-76.6,1.916667,4
674,microryzomys_minutus,-76.5667,1.95,4
675,microryzomys_minutus,-76.3,2.483333,4
676,microryzomys_minutus,-76.95,2.533333,4
677,microryzomys_minutus,-76.9167,2.583333,4
678,microryzomys_minutus,-77.2,2.666667,4
679,microryzomys_minutus,-76.95,2.666667,4
680,microryzomys_minutus,-74.3667,4.35,4
681,microryzomys_minutus,-75.3667,4.433333,4
682,microryzomys_minutus,-74.0833,4.566667,4
683,microryzomys_minutus,-75.5,4.583333,4
684,microryzomys_minutus,-74.0833,4.6,4
685,microryzomys_minutus,-75.5667,4.633333,4
686,microryzomys_minutus,-74.5333,4.75,4
687,microryzomys_minutus,-74.6333,4.85,4
688,microryzomys_minutus,-73.8667,4.866667,4
689,microryzomys_minutus,-75.55,6.166667,4
690,microryzomys_minutus,-76.0667,6.466667,4
691,microryzomys_minutus,-75.45,7.083333,4
692,microryzomys_minutus,-72.4333,7.45,4
693,microryzomys_minutus,-71.15,8.6,4
694,microryzomys_minutus,-71.0167,8.6,4
695,microryzomys_minutus,-71.35,8.633333,4
696,microryzomys_minutus,-70.85,8.8,4
697,microryzomys_minutus,-70.7667,8.983333,4
698,microryzomys_minutus,-70.3,9.35,4
699,microryzomys_minutus,-63.8667,10.11667,4
700,microryzomys_minutus,-63.5333,10.2,4
701,microryzomys_minutus,-67.1667,10.43333,4
702,microryzomys_minutus,-66.8667,10.55,4
703,microryzomys_minutus,-73.65,10.71667,4
704,microryzomys_minutus,-73.5,10.91667,4
705,microryzomys_minutus,-78.9667,-2.4,4
706,microryzomys_minutus,-78.5,-1.3,4
707,microryzomys_minutus,-78.1333,-0.36667,4
708,microryzomys_minutus,-78.2667,0.13333,4
709,microryzomys_minutus,-75.3833,4.96667,4
710,bradypus_variegatus,-65.4,-10.3833,5
711,bradypus_variegatus,-65.3833,-10.3833,5
712,bradypus_variegatus,-65.1333,-16.8,5
713,bradypus_variegatus,-64.4167,-16.0,5
714,bradypus_variegatus,-63.1667,-17.8,5
715,bradypus_variegatus,-60.0833,-3.1333,5
716,bradypus_variegatus,-64.8333,-0.5167,5
717,bradypus_variegatus,-60.0167,-3.1333,5
718,bradypus_variegatus,-62.0833,-3.8333,5
719,bradypus_variegatus,-55.55,-1.9167,5
720,bradypus_variegatus,-52.2,-1.7,5
721,bradypus_variegatus,-54.9833,-2.75,5
722,bradypus_variegatus,-55.5,-3.6667,5
723,bradypus_variegatus,-55.1333,-2.8333,5
724,bradypus_variegatus,-55.0,-2.4333,5
725,bradypus_variegatus,-55.1,-3.0833,5
726,bradypus_variegatus,-55.2833,-3.45,5
727,bradypus_variegatus,-49.6833,-2.6833,5
728,bradypus_variegatus,-46.7333,-23.45,5
729,bradypus_variegatus,-69.95,-4.15,5
730,bradypus_variegatus,-75.5833,6.25,5
731,bradypus_variegatus,-76.7167,8.1,5
732,bradypus_variegatus,-75.05,7.35,5
733,bradypus_variegatus,-75.0667,9.9667,5
734,bradypus_variegatus,-74.0,10.3,5
735,bradypus_variegatus,-73.4333,10.15,5
736,bradypus_variegatus,-77.7667,7.1167,5
737,bradypus_variegatus,-76.6667,5.7,5
738,bradypus_variegatus,-76.95,5.05,5
739,bradypus_variegatus,-77.1667,7.6667,5
740,bradypus_variegatus,-77.1167,8.0167,5
741,bradypus_variegatus,-74.3,4.5833,5
742,bradypus_variegatus,-67.9333,3.8667,5
743,bradypus_variegatus,-71.3167,12.35,5
744,bradypus_variegatus,-78.15,1.6833,5
745,bradypus_variegatus,-72.5833,8.5,5
746,bradypus_variegatus,-74.7667,-0.2,5
747,bradypus_variegatus,-75.3333,0.4667,5
748,bradypus_variegatus,-73.9167,7.1667,5
749,bradypus_variegatus,-75.4,9.3,5
750,bradypus_variegatus,-75.35,9.5,5
751,bradypus_variegatus,-77.0833,3.6833,5
752,bradypus_variegatus,-84.5,10.3333,5
753,bradypus_variegatus,-83.5667,9.9167,5
754,bradypus_variegatus,-83.4667,8.95,5
755,bradypus_variegatus,-79.65,-3.7167,5
756,bradypus_variegatus,-79.6,-0.4667,5
757,bradypus_variegatus,-79.15,-0.25,5
758,bradypus_variegatus,-85.9333,13.1833,5
759,bradypus_variegatus,-83.7,10.9333,5
760,bradypus_variegatus,-84.4333,12.15,5
761,bradypus_variegatus,-83.7667,12.15,5
762,bradypus_variegatus,-82.4,9.3,5
763,bradypus_variegatus,-81.8,8.9333,5
764,bradypus_variegatus,-82.7833,9.6,5
765,bradypus_variegatus,-79.8167,9.1667,5
766,bradypus_variegatus,-79.9333,9.25,5
767,bradypus_variegatus,-79.9833,9.25,5
768,bradypus_variegatus,-79.9,9.2167,5
769,bradypus_variegatus,-79.6,9.2833,5
770,bradypus_variegatus,-77.3,8.1667,5
771,bradypus_variegatus,-77.6,8.0,5
772,bradypus_variegatus,-77.75,8.1,5
773,bradypus_variegatus,-77.7333,8.1333,5
774,bradypus_variegatus,-78.3667,7.9667,5
775,bradypus_variegatus,-77.4333,7.9833,5
776,bradypus_variegatus,-79.5833,8.95,5
777,bradypus_variegatus,-79.8,8.8667,5
778,bradypus_variegatus,-77.1167,-4.65,5
779,bradypus_variegatus,-74.2167,-4.8333,5
780,bradypus_variegatus,-72.1333,-3.4333,5
781,bradypus_variegatus,-74.2167,-4.7,5
782,bradypus_variegatus,-75.1,-6.7333,5
783,bradypus_variegatus,-76.05,-5.8333,5
784,bradypus_variegatus,-74.5333,-8.3833,5
785,bradypus_variegatus,-65.55,3.1667,5
786,bradypus_variegatus,-65.9167,3.0833,5
787,bradypus_variegatus,-66.2167,5.3,5
788,bradypus_variegatus,-67.6833,10.3667,5
789,bradypus_variegatus,-68.3833,10.5333,5
790,bradypus_variegatus,-72.6,9.15,5
791,microryzomys_minutus,-64.7,-17.85,5
792,microryzomys_minutus,-67.8833,-16.3,5
793,microryzomys_minutus,-67.9833,-15.9,5
794,microryzomys_minutus,-70.9167,-13.5,5
795,microryzomys_minutus,-72.5,-13.1667,5
796,microryzomys_minutus,-72.5667,-13.1167,5
797,microryzomys_minutus,-72.35,-12.8833,5
798,microryzomys_minutus,-73.8167,-12.7833,5
799,microryzomys_minutus,-75.5333,-11.2667,5
800,microryzomys_minutus,-76.2333,-9.9167,5
801,microryzomys_minutus,-76.15,-9.7,5
802,microryzomys_minutus,-76.0333,-9.7,5
803,microryzomys_minutus,-79.05,-6.9,5
804,microryzomys_minutus,-77.7,-6.63333,5
805,microryzomys_minutus,-77.55,-6.18333,5
806,microryzomys_minutus,-77.3333,-6.11667,5
807,microryzomys_minutus,-77.95,-5.88333,5
808,microryzomys_minutus,-79.3833,-5.11667,5
809,microryzomys_minutus,-79.6667,-3.66667,5
810,microryzomys_minutus,-79.6833,-3.63333,5
811,microryzomys_minutus,-79.4333,-2.8,5
812,microryzomys_minutus,-78.4333,-1.45,5
813,microryzomys_minutus,-78.4167,-1.4,5
814,microryzomys_minutus,-78.4833,-1.36667,5
815,microryzomys_minutus,-77.8833,-0.45,5
816,microryzomys_minutus,-78.3833,-0.36667,5
817,microryzomys_minutus,-78.4,-0.21667,5
818,microryzomys_minutus,-78.5833,-0.05,5
819,microryzomys_minutus,-78.4167,0.116667,5
820,microryzomys_minutus,-78.8333,0.116667,5
821,microryzomys_minutus,-76.6,1.916667,5
822,microryzomys_minutus,-76.3,2.483333,5
823,microryzomys_minutus,-77.2,2.666667,5
824,microryzomys_minutus,-76.95,2.666667,5
825,microryzomys_minutus,-74.3667,4.35,5
826,microryzomys_minutus,-75.3667,4.433333,5
827,microryzomys_minutus,-74.0833,4.566667,5
828,microryzomys_minutus,-75.5,4.583333,5
829,microryzomys_minutus,-74.0833,4.6,5
830,microryzomys_minutus,-75.5667,4.633333,5
831,microryzomys_minutus,-73.8667,4.866667,5
832,microryzomys_minutus,-72.4333,7.45,5
833,microryzomys_minutus,-71.4,8.6,5
834,microryzomys_minutus,-71.0167,8.6,5
835,microryzomys_minutus,-71.35,8.633333,5
836,microryzomys_minutus,-71.25,8.833333,5
837,microryzomys_minutus,-70.7667,8.983333,5
838,microryzomys_minutus,-70.3,9.35,5
839,microryzomys_minutus,-63.8667,10.11667,5
840,microryzomys_minutus,-63.5333,10.2,5
841,microryzomys_minutus,-67.1667,10.43333,5
842,microryzomys_minutus,-66.8667,10.55,5
843,microryzomys_minutus,-73.65,10.71667,5
844,microryzomys_minutus,-77.8333,-6.75,5
845,microryzomys_minutus,-79.0167,-3.41667,5
846,microryzomys_minutus,-79.1333,-2.85,5
847,microryzomys_minutus,-78.95,-2.48333,5
848,microryzomys_minutus,-78.4667,-0.3,5
849,microryzomys_minutus,-78.2667,0.13333,5
850,microryzomys_minutus,-77.8167,0.6,5
851,microryzomys_minutus,-75.3833,4.96667,5
852,bradypus_variegatus,-65.3833,-10.3833,6
853,bradypus_variegatus,-65.1333,-16.8,6
854,bradypus_variegatus,-63.6667,-17.45,6
855,bradypus_variegatus,-63.85,-17.4,6
856,bradypus_variegatus,-64.4167,-16.0,6
857,bradypus_variegatus,-59.1333,-3.7,6
858,bradypus_variegatus,-60.0833,-3.1333,6
859,bradypus_variegatus,-60.0167,-3.1333,6
860,bradypus_variegatus,-62.0833,-3.8333,6
861,bradypus_variegatus,-40.0667,-19.3333,6
862,bradypus_variegatus,-52.6667,-3.8333,6
863,bradypus_variegatus,-52.2,-1.7,6
864,bradypus_variegatus,-54.9833,-2.75,6
865,bradypus_variegatus,-55.5,-3.6667,6
866,bradypus_variegatus,-55.1333,-2.8333,6
867,bradypus_variegatus,-55.0,-2.4333,6
868,bradypus_variegatus,-55.1,-3.0833,6
869,bradypus_variegatus,-55.2833,-3.45,6
870,bradypus_variegatus,-49.6833,-2.6833,6
871,bradypus_variegatus,-49.5,-2.25,6
872,bradypus_variegatus,-46.7333,-23.45,6
873,bradypus_variegatus,-69.95,-4.15,6
874,bradypus_variegatus,-76.2667,7.0167,6
875,bradypus_variegatus,-75.5833,6.25,6
876,bradypus_variegatus,-76.7167,8.1,6
877,bradypus_variegatus,-73.4333,10.15,6
878,bradypus_variegatus,-76.6833,5.1,6
879,bradypus_variegatus,-77.7667,7.1167,6
880,bradypus_variegatus,-76.6667,5.7,6
881,bradypus_variegatus,-77.1667,7.6667,6
882,bradypus_variegatus,-77.1167,8.0167,6
883,bradypus_variegatus,-75.6833,8.2833,6
884,bradypus_variegatus,-74.7333,9.1167,6
885,bradypus_variegatus,-74.3,4.5833,6
886,bradypus_variegatus,-67.9333,3.8667,6
887,bradypus_variegatus,-71.3167,12.35,6
888,bradypus_variegatus,-73.6167,4.15,6
889,bradypus_variegatus,-78.15,1.6833,6
890,bradypus_variegatus,-72.5167,7.9,6
891,bradypus_variegatus,-74.7667,-0.2,6
892,bradypus_variegatus,-75.3333,0.4667,6
893,bradypus_variegatus,-73.9167,7.1667,6
894,bradypus_variegatus,-75.4,9.3,6
895,bradypus_variegatus,-75.35,9.5,6
896,bradypus_variegatus,-76.9333,4.0,6
897,bradypus_variegatus,-77.0833,3.6833,6
898,bradypus_variegatus,-83.4667,8.95,6
899,bradypus_variegatus,-79.65,-3.7167,6
900,bradypus_variegatus,-77.1333,-0.7,6
901,bradypus_variegatus,-77.95,-1.4833,6
902,bradypus_variegatus,-79.15,-0.25,6
903,bradypus_variegatus,-85.9333,13.1833,6
904,bradypus_variegatus,-83.7,10.9333,6
905,bradypus_variegatus,-84.5333,13.95,6
906,bradypus_variegatus,-84.4333,12.15,6
907,bradypus_variegatus,-83.7667,12.15,6
908,bradypus_variegatus,-82.4,9.3,6
909,bradypus_variegatus,-82.5167,9.45,6
910,bradypus_variegatus,-81.8,8.9333,6
911,bradypus_variegatus,-82.7833,9.6,6
912,bradypus_variegatus,-82.25,9.1833,6
913,bradypus_variegatus,-79.8167,9.1667,6
914,bradypus_variegatus,-79.9333,9.25,6
915,bradypus_variegatus,-79.9833,9.25,6
916,bradypus_variegatus,-79.6,9.2833,6
917,bradypus_variegatus,-77.6,8.0,6
918,bradypus_variegatus,-77.7333,8.1333,6
919,bradypus_variegatus,-78.3667,7.9667,6
920,bradypus_variegatus,-77.4333,7.9833,6
921,bradypus_variegatus,-79.5833,8.95,6
922,bradypus_variegatus,-79.35,9.2333,6
923,bradypus_variegatus,-79.6,8.9,6
924,bradypus_variegatus,-74.2167,-4.8333,6
925,bradypus_variegatus,-72.1,-3.3167,6
926,bradypus_variegatus,-73.05,-3.4667,6
927,bradypus_variegatus,-75.1,-6.7333,6
928,bradypus_variegatus,-76.05,-5.8333,6
929,bradypus_variegatus,-74.5333,-8.3833,6
930,bradypus_variegatus,-66.2167,5.3,6
931,bradypus_variegatus,-67.6833,10.3667,6
932,bradypus_variegatus,-66.8333,10.3667,6
933,microryzomys_minutus,-64.7,-17.85,6
934,microryzomys_minutus,-67.8333,-16.3333,6
935,microryzomys_minutus,-67.8833,-16.3,6
936,microryzomys_minutus,-67.9833,-15.9,6
937,microryzomys_minutus,-70.9167,-13.5,6
938,microryzomys_minutus,-72.5,-13.1667,6
939,microryzomys_minutus,-72.5667,-13.1167,6
940,microryzomys_minutus,-72.35,-12.8833,6
941,microryzomys_minutus,-73.8167,-12.7833,6
942,microryzomys_minutus,-75.5333,-11.2667,6
943,microryzomys_minutus,-76.15,-9.7,6
944,microryzomys_minutus,-79.05,-6.9,6
945,microryzomys_minutus,-77.7,-6.63333,6
946,microryzomys_minutus,-77.3333,-6.11667,6
947,microryzomys_minutus,-78.1667,-5.5,6
948,microryzomys_minutus,-79.6,-5.4,6
949,microryzomys_minutus,-79.3833,-5.11667,6
950,microryzomys_minutus,-79.4333,-2.8,6
951,microryzomys_minutus,-78.9833,-2.28333,6
952,microryzomys_minutus,-78.4333,-1.45,6
953,microryzomys_minutus,-78.4167,-1.4,6
954,microryzomys_minutus,-78.4833,-1.36667,6
955,microryzomys_minutus,-77.8833,-0.45,6
956,microryzomys_minutus,-78.5833,-0.05,6
957,microryzomys_minutus,-78.4167,0.116667,6
958,microryzomys_minutus,-78.8333,0.116667,6
959,microryzomys_minutus,-78.5333,0.15,6
960,microryzomys_minutus,-76.4833,1.95,6
961,microryzomys_minutus,-76.5667,1.95,6
962,microryzomys_minutus,-77.2,2.666667,6
963,microryzomys_minutus,-76.95,2.666667,6
964,microryzomys_minutus,-74.3667,4.35,6
965,microryzomys_minutus,-75.3667,4.433333,6
966,microryzomys_minutus,-74.0833,4.566667,6
967,microryzomys_minutus,-75.5,4.583333,6
968,microryzomys_minutus,-74.0833,4.6,6
969,microryzomys_minutus,-75.5667,4.633333,6
970,microryzomys_minutus,-74.5333,4.75,6
971,microryzomys_minutus,-74.6333,4.85,6
972,microryzomys_minutus,-73.8667,4.866667,6
973,microryzomys_minutus,-75.55,6.166667,6
974,microryzomys_minutus,-75.45,7.083333,6
975,microryzomys_minutus,-71.15,8.6,6
976,microryzomys_minutus,-71.35,8.633333,6
977,microryzomys_minutus,-71.0833,8.75,6
978,microryzomys_minutus,-70.85,8.8,6
979,microryzomys_minutus,-70.7667,8.983333,6
980,microryzomys_minutus,-70.3,9.35,6
981,microryzomys_minutus,-63.8667,10.11667,6
982,microryzomys_minutus,-63.5333,10.2,6
983,microryzomys_minutus,-67.1667,10.43333,6
984,microryzomys_minutus,-66.8667,10.55,6
985,microryzomys_minutus,-73.65,10.71667,6
986,microryzomys_minutus,-77.8333,-6.75,6
987,microryzomys_minutus,-79.0167,-3.41667,6
988,microryzomys_minutus,-78.95,-2.48333,6
989,microryzomys_minutus,-78.1333,-0.36667,6
990,microryzomys_minutus,-78.4667,-0.3,6
991,microryzomys_minutus,-78.55,-0.16667,6
992,microryzomys_minutus,-78.2667,0.13333,6
993,microryzomys_minutus,-75.3833,4.96667,6
994,bradypus_variegatus,-65.4,-10.3833,7
995,bradypus_variegatus,-65.3833,-10.3833,7
996,bradypus_variegatus,-63.6667,-17.45,7
997,bradypus_variegatus,-64.4167,-16.0,7
998,bradypus_variegatus,-63.1667,-17.8,7
999,bradypus_variegatus,-59.1333,-3.7,7
1000,bradypus_variegatus,-60.0833,-3.1333,7
1001,bradypus_variegatus,-64.8333,-0.5167,7
1002,bradypus_variegatus,-62.0833,-3.8333,7
1003,bradypus_variegatus,-52.6667,-3.8333,7
1004,bradypus_variegatus,-54.9833,-2.75,7
1005,bradypus_variegatus,-55.0,-2.4333,7
1006,bradypus_variegatus,-54.7,-2.4333,7
1007,bradypus_variegatus,-55.1,-3.0833,7
1008,bradypus_variegatus,-55.2833,-3.45,7
1009,bradypus_variegatus,-49.5,-2.25,7
1010,bradypus_variegatus,-49.5,-2.5833,7
1011,bradypus_variegatus,-46.7333,-23.45,7
1012,bradypus_variegatus,-69.95,-4.15,7
1013,bradypus_variegatus,-75.05,7.35,7
1014,bradypus_variegatus,-74.0,10.3,7
1015,bradypus_variegatus,-76.6833,5.1,7
1016,bradypus_variegatus,-76.6667,5.7,7
1017,bradypus_variegatus,-77.1667,7.6667,7
1018,bradypus_variegatus,-77.1167,8.0167,7
1019,bradypus_variegatus,-75.6833,8.2833,7
1020,bradypus_variegatus,-74.7333,9.1167,7
1021,bradypus_variegatus,-76.2833,7.85,7
1022,bradypus_variegatus,-74.3,4.5833,7
1023,bradypus_variegatus,-67.9333,3.8667,7
1024,bradypus_variegatus,-73.6167,4.15,7
1025,bradypus_variegatus,-78.15,1.6833,7
1026,bradypus_variegatus,-72.5167,7.9,7
1027,bradypus_variegatus,-73.9167,7.1667,7
1028,bradypus_variegatus,-75.4,9.3,7
1029,bradypus_variegatus,-76.9333,4.0,7
1030,bradypus_variegatus,-84.5,10.3333,7
1031,bradypus_variegatus,-83.6333,9.8833,7
1032,bradypus_variegatus,-84.0167,10.6333,7
1033,bradypus_variegatus,-83.5667,9.9167,7
1034,bradypus_variegatus,-79.65,-3.7167,7
1035,bradypus_variegatus,-79.4667,0.3333,7
1036,bradypus_variegatus,-79.75,-1.5333,7
1037,bradypus_variegatus,-79.6,-0.4667,7
1038,bradypus_variegatus,-77.1333,-0.7,7
1039,bradypus_variegatus,-77.95,-1.4833,7
1040,bradypus_variegatus,-79.15,-0.25,7
1041,bradypus_variegatus,-84.5333,13.95,7
1042,bradypus_variegatus,-84.4333,12.15,7
1043,bradypus_variegatus,-82.4,9.3,7
1044,bradypus_variegatus,-82.5167,9.45,7
1045,bradypus_variegatus,-81.8,8.9333,7
1046,bradypus_variegatus,-82.7833,9.6,7
1047,bradypus_variegatus,-82.25,9.1833,7
1048,bradypus_variegatus,-79.8167,9.1667,7
1049,bradypus_variegatus,-79.9333,9.25,7
1050,bradypus_variegatus,-79.9833,9.25,7
1051,bradypus_variegatus,-79.9,9.2167,7
1052,bradypus_variegatus,-79.6,9.2833,7
1053,bradypus_variegatus,-77.3,8.1667,7
1054,bradypus_variegatus,-77.6,8.0,7
1055,bradypus_variegatus,-77.75,8.1,7
1056,bradypus_variegatus,-77.7333,8.1333,7
1057,bradypus_variegatus,-79.5833,8.95,7
1058,bradypus_variegatus,-79.85,9.15,7
1059,bradypus_variegatus,-79.35,9.2333,7
1060,bradypus_variegatus,-79.8,8.8667,7
1061,bradypus_variegatus,-77.1167,-4.65,7
1062,bradypus_variegatus,-74.0833,-2.3667,7
1063,bradypus_variegatus,-73.25,-3.7667,7
1064,bradypus_variegatus,-74.2167,-4.8333,7
1065,bradypus_variegatus,-73.05,-3.4667,7
1066,bradypus_variegatus,-74.2167,-4.7,7
1067,bradypus_variegatus,-76.05,-5.8333,7
1068,bradypus_variegatus,-74.5333,-8.3833,7
1069,bradypus_variegatus,-65.55,3.1667,7
1070,bradypus_variegatus,-65.9167,3.0833,7
1071,bradypus_variegatus,-66.2167,5.3,7
1072,bradypus_variegatus,-67.6833,10.3667,7
1073,bradypus_variegatus,-68.3833,10.5333,7
1074,bradypus_variegatus,-72.6,9.15,7
1075,microryzomys_minutus,-64.7,-17.85,7
1076,microryzomys_minutus,-67.8333,-16.3333,7
1077,microryzomys_minutus,-67.8833,-16.3,7
1078,microryzomys_minutus,-67.8,-16.2667,7
1079,microryzomys_minutus,-70.9167,-13.5,7
1080,microryzomys_minutus,-72.5,-13.1667,7
1081,microryzomys_minutus,-75.7,-11.4167,7
1082,microryzomys_minutus,-75.5333,-11.2667,7
1083,microryzomys_minutus,-75.8667,-10.4667,7
1084,microryzomys_minutus,-76.2333,-9.9167,7
1085,microryzomys_minutus,-76.15,-9.7,7
1086,microryzomys_minutus,-76.0333,-9.7,7
1087,microryzomys_minutus,-79.05,-6.9,7
1088,microryzomys_minutus,-77.55,-6.18333,7
1089,microryzomys_minutus,-77.3333,-6.11667,7
1090,microryzomys_minutus,-77.95,-5.88333,7
1091,microryzomys_minutus,-78.1667,-5.5,7
1092,microryzomys_minutus,-79.3833,-5.11667,7
1093,microryzomys_minutus,-79.6667,-3.66667,7
1094,microryzomys_minutus,-79.4333,-2.8,7
1095,microryzomys_minutus,-78.9833,-2.28333,7
1096,microryzomys_minutus,-78.4833,-1.36667,7
1097,microryzomys_minutus,-77.8833,-0.45,7
1098,microryzomys_minutus,-78.3833,-0.36667,7
1099,microryzomys_minutus,-78.4,-0.21667,7
1100,microryzomys_minutus,-78.4167,0.116667,7
1101,microryzomys_minutus,-78.5333,0.15,7
1102,microryzomys_minutus,-78.8667,0.2,7
1103,microryzomys_minutus,-76.6,1.916667,7
1104,microryzomys_minutus,-76.3,2.483333,7
1105,microryzomys_minutus,-76.95,2.533333,7
1106,microryzomys_minutus,-77.2,2.666667,7
1107,microryzomys_minutus,-76.95,2.666667,7
1108,microryzomys_minutus,-74.3667,4.35,7
1109,microryzomys_minutus,-75.3667,4.433333,7
1110,microryzomys_minutus,-75.5667,4.633333,7
1111,microryzomys_minutus,-74.5333,4.75,7
1112,microryzomys_minutus,-74.6333,4.85,7
1113,microryzomys_minutus,-75.45,7.083333,7
1114,microryzomys_minutus,-72.4333,7.45,7
1115,microryzomys_minutus,-71.15,8.6,7
1116,microryzomys_minutus,-71.0167,8.6,7
1117,microryzomys_minutus,-71.35,8.633333,7
1118,microryzomys_minutus,-71.0833,8.75,7
1119,microryzomys_minutus,-70.85,8.8,7
1120,microryzomys_minutus,-71.25,8.833333,7
1121,microryzomys_minutus,-63.8667,10.11667,7
1122,microryzomys_minutus,-63.5333,10.2,7
1123,microryzomys_minutus,-67.1667,10.43333,7
1124,microryzomys_minutus,-66.8667,10.55,7
1125,microryzomys_minutus,-73.65,10.71667,7
1126,microryzomys_minutus,-73.5,10.91667,7
1127,microryzomys_minutus,-77.8333,-6.75,7
1128,microryzomys_minutus,-79.0167,-3.41667,7
1129,microryzomys_minutus,-78.95,-2.48333,7
1130,microryzomys_minutus,-78.9667,-2.4,7
1131,microryzomys_minutus,-78.5,-1.3,7
1132,microryzomys_minutus,-78.1333,-0.36667,7
1133,microryzomys_minutus,-78.55,-0.16667,7
1134,microryzomys_minutus,-78.2667,0.13333,7
1135,microryzomys_minutus,-75.3833,4.96667,7
1136,bradypus_variegatus,-65.4,-10.3833,8
1137,bradypus_variegatus,-63.6667,-17.45,8
1138,bradypus_variegatus,-63.85,-17.4,8
1139,bradypus_variegatus,-64.4167,-16.0,8
1140,bradypus_variegatus,-63.1667,-17.8,8
1141,bradypus_variegatus,-56.7333,-2.6,8
1142,bradypus_variegatus,-60.0833,-3.1333,8
1143,bradypus_variegatus,-64.8333,-0.5167,8
1144,bradypus_variegatus,-60.0167,-3.1333,8
1145,bradypus_variegatus,-40.0667,-19.3333,8
1146,bradypus_variegatus,-52.6667,-3.8333,8
1147,bradypus_variegatus,-49.5,-1.0,8
1148,bradypus_variegatus,-52.2,-1.7,8
1149,bradypus_variegatus,-54.9833,-2.75,8
1150,bradypus_variegatus,-55.1333,-2.8333,8
1151,bradypus_variegatus,-54.7,-2.4333,8
1152,bradypus_variegatus,-55.2833,-3.45,8
1153,bradypus_variegatus,-49.5,-2.25,8
1154,bradypus_variegatus,-49.5,-2.5833,8
1155,bradypus_variegatus,-46.7333,-23.45,8
1156,bradypus_variegatus,-76.2667,7.0167,8
1157,bradypus_variegatus,-75.5833,6.25,8
1158,bradypus_variegatus,-76.7167,8.1,8
1159,bradypus_variegatus,-75.0667,9.9667,8
1160,bradypus_variegatus,-76.6833,5.1,8
1161,bradypus_variegatus,-77.7667,7.1167,8
1162,bradypus_variegatus,-77.1667,7.6667,8
1163,bradypus_variegatus,-77.1167,8.0167,8
1164,bradypus_variegatus,-74.7333,9.1167,8
1165,bradypus_variegatus,-76.2833,7.85,8
1166,bradypus_variegatus,-74.3,4.5833,8
1167,bradypus_variegatus,-71.3167,12.35,8
1168,bradypus_variegatus,-73.6167,4.15,8
1169,bradypus_variegatus,-78.15,1.6833,8
1170,bradypus_variegatus,-72.5833,8.5,8
1171,bradypus_variegatus,-74.7667,-0.2,8
1172,bradypus_variegatus,-75.3333,0.4667,8
1173,bradypus_variegatus,-75.4,9.3,8
1174,bradypus_variegatus,-76.9333,4.0,8
1175,bradypus_variegatus,-77.0833,3.6833,8
1176,bradypus_variegatus,-84.5,10.3333,8
1177,bradypus_variegatus,-83.6333,9.8833,8
1178,bradypus_variegatus,-84.0167,10.6333,8
1179,bradypus_variegatus,-79.65,-3.7167,8
1180,bradypus_variegatus,-79.75,-1.5333,8
1181,bradypus_variegatus,-79.6,-0.4667,8
1182,bradypus_variegatus,-77.1333,-0.7,8
1183,bradypus_variegatus,-77.95,-1.4833,8
1184,bradypus_variegatus,-79.15,-0.25,8
1185,bradypus_variegatus,-83.7,10.9333,8
1186,bradypus_variegatus,-84.5333,13.95,8
1187,bradypus_variegatus,-84.4333,12.15,8
1188,bradypus_variegatus,-83.7667,12.15,8
1189,bradypus_variegatus,-82.5167,9.45,8
1190,bradypus_variegatus,-81.8,8.9333,8
1191,bradypus_variegatus,-82.7833,9.6,8
1192,bradypus_variegatus,-82.25,9.1833,8
1193,bradypus_variegatus,-79.8167,9.1667,8
1194,bradypus_variegatus,-79.9333,9.25,8
1195,bradypus_variegatus,-77.3,8.1667,8
1196,bradypus_variegatus,-77.75,8.1,8
1197,bradypus_variegatus,-77.7333,8.1333,8
1198,bradypus_variegatus,-77.4333,7.9833,8
1199,bradypus_variegatus,-79.5833,8.95,8
1200,bradypus_variegatus,-79.85,9.15,8
1201,bradypus_variegatus,-79.8,8.8667,8
1202,bradypus_variegatus,-79.6,8.9,8
1203,bradypus_variegatus,-77.1167,-4.65,8
1204,bradypus_variegatus,-74.0833,-2.3667,8
1205,bradypus_variegatus,-73.25,-3.7667,8
1206,bradypus_variegatus,-72.1,-3.3167,8
1207,bradypus_variegatus,-72.1333,-3.4333,8
1208,bradypus_variegatus,-73.05,-3.4667,8
1209,bradypus_variegatus,-74.2167,-4.7,8
1210,bradypus_variegatus,-75.1,-6.7333,8
1211,bradypus_variegatus,-76.05,-5.8333,8
1212,bradypus_variegatus,-74.5333,-8.3833,8
1213,bradypus_variegatus,-65.55,3.1667,8
1214,bradypus_variegatus,-66.2167,5.3,8
1215,bradypus_variegatus,-67.6833,10.3667,8
1216,bradypus_variegatus,-68.3833,10.5333,8
1217,microryzomys_minutus,-64.7,-17.85,8
1218,microryzomys_minutus,-67.8,-16.2667,8
1219,microryzomys_minutus,-67.9833,-15.9,8
1220,microryzomys_minutus,-72.5,-13.1667,8
1221,microryzomys_minutus,-72.5667,-13.1167,8
1222,microryzomys_minutus,-73.8167,-12.7833,8
1223,microryzomys_minutus,-75.7,-11.4167,8
1224,microryzomys_minutus,-75.5333,-11.2667,8
1225,microryzomys_minutus,-75.8667,-10.4667,8
1226,microryzomys_minutus,-76.2333,-9.9167,8
1227,microryzomys_minutus,-76.0333,-9.7,8
1228,microryzomys_minutus,-77.7,-6.63333,8
1229,microryzomys_minutus,-77.55,-6.18333,8
1230,microryzomys_minutus,-77.3333,-6.11667,8
1231,microryzomys_minutus,-77.95,-5.88333,8
1232,microryzomys_minutus,-78.1667,-5.5,8
1233,microryzomys_minutus,-79.6667,-3.66667,8
1234,microryzomys_minutus,-79.6833,-3.63333,8
1235,microryzomys_minutus,-78.9833,-2.28333,8
1236,microryzomys_minutus,-78.4333,-1.45,8
1237,microryzomys_minutus,-77.8833,-0.45,8
1238,microryzomys_minutus,-78.6,-0.1,8
1239,microryzomys_minutus,-78.5833,-0.05,8
1240,microryzomys_minutus,-78.4167,0.116667,8
1241,microryzomys_minutus,-78.5333,0.15,8
1242,microryzomys_minutus,-78.8667,0.2,8
1243,microryzomys_minutus,-76.6,1.916667,8
1244,microryzomys_minutus,-76.4833,1.95,8
1245,microryzomys_minutus,-76.95,2.533333,8
1246,microryzomys_minutus,-76.9167,2.583333,8
1247,microryzomys_minutus,-77.2,2.666667,8
1248,microryzomys_minutus,-76.95,2.666667,8
1249,microryzomys_minutus,-75.3667,4.433333,8
1250,microryzomys_minutus,-75.5,4.583333,8
1251,microryzomys_minutus,-74.0833,4.6,8
1252,microryzomys_minutus,-74.5333,4.75,8
1253,microryzomys_minutus,-74.6333,4.85,8
1254,microryzomys_minutus,-73.8667,4.866667,8
1255,microryzomys_minutus,-75.55,6.166667,8
1256,microryzomys_minutus,-76.0667,6.466667,8
1257,microryzomys_minutus,-75.45,7.083333,8
1258,microryzomys_minutus,-72.4333,7.45,8
1259,microryzomys_minutus,-71.15,8.6,8
1260,microryzomys_minutus,-71.0167,8.6,8
1261,microryzomys_minutus,-71.35,8.633333,8
1262,microryzomys_minutus,-71.0833,8.75,8
1263,microryzomys_minutus,-71.25,8.833333,8
1264,microryzomys_minutus,-70.3,9.35,8
1265,microryzomys_minutus,-63.8667,10.11667,8
1266,microryzomys_minutus,-67.1667,10.43333,8
1267,microryzomys_minutus,-66.8667,10.55,8
1268,microryzomys_minutus,-73.5,10.91667,8
1269,microryzomys_minutus,-79.0167,-3.41667,8
1270,microryzomys_minutus,-79.1333,-2.85,8
1271,microryzomys_minutus,-78.9667,-2.4,8
1272,microryzomys_minutus,-78.5,-1.3,8
1273,microryzomys_minutus,-78.1333,-0.36667,8
1274,microryzomys_minutus,-78.55,-0.16667,8
1275,microryzomys_minutus,-78.2667,0.13333,8
1276,microryzomys_minutus,-77.8167,0.6,8
1277,microryzomys_minutus,-75.3833,4.96667,8
1278,bradypus_variegatus,-65.4,-10.3833,9
1279,bradypus_variegatus,-65.3833,-10.3833,9
1280,bradypus_variegatus,-65.1333,-16.8,9
1281,bradypus_variegatus,-63.6667,-17.45,9
1282,bradypus_variegatus,-63.1667,-17.8,9
1283,bradypus_variegatus,-56.7333,-2.6,9
1284,bradypus_variegatus,-59.1333,-3.7,9
1285,bradypus_variegatus,-64.8333,-0.5167,9
1286,bradypus_variegatus,-60.0167,-3.1333,9
1287,bradypus_variegatus,-52.6667,-3.8333,9
1288,bradypus_variegatus,-49.5,-1.0,9
1289,bradypus_variegatus,-55.55,-1.9167,9
1290,bradypus_variegatus,-52.2,-1.7,9
1291,bradypus_variegatus,-54.9833,-2.75,9
1292,bradypus_variegatus,-55.1333,-2.8333,9
1293,bradypus_variegatus,-54.7,-2.4333,9
1294,bradypus_variegatus,-55.1,-3.0833,9
1295,bradypus_variegatus,-49.6833,-2.6833,9
1296,bradypus_variegatus,-49.5,-2.25,9
1297,bradypus_variegatus,-49.5,-2.5833,9
1298,bradypus_variegatus,-46.7333,-23.45,9
1299,bradypus_variegatus,-76.7167,8.1,9
1300,bradypus_variegatus,-75.05,7.35,9
1301,bradypus_variegatus,-75.0667,9.9667,9
1302,bradypus_variegatus,-74.0,10.3,9
1303,bradypus_variegatus,-73.4333,10.15,9
1304,bradypus_variegatus,-77.7667,7.1167,9
1305,bradypus_variegatus,-76.6667,5.7,9
1306,bradypus_variegatus,-76.95,5.05,9
1307,bradypus_variegatus,-77.1167,8.0167,9
1308,bradypus_variegatus,-76.2833,7.85,9
1309,bradypus_variegatus,-67.9333,3.8667,9
1310,bradypus_variegatus,-73.6167,4.15,9
1311,bradypus_variegatus,-78.15,1.6833,9
1312,bradypus_variegatus,-72.5833,8.5,9
1313,bradypus_variegatus,-72.5167,7.9,9
1314,bradypus_variegatus,-74.7667,-0.2,9
1315,bradypus_variegatus,-73.9167,7.1667,9
1316,bradypus_variegatus,-75.4,9.3,9
1317,bradypus_variegatus,-75.35,9.5,9
1318,bradypus_variegatus,-76.9333,4.0,9
1319,bradypus_variegatus,-77.0833,3.6833,9
1320,bradypus_variegatus,-83.6333,9.8833,9
1321,bradypus_variegatus,-84.0167,10.6333,9
1322,bradypus_variegatus,-83.4667,8.95,9
1323,bradypus_variegatus,-79.65,-3.7167,9
1324,bradypus_variegatus,-79.4667,0.3333,9
1325,bradypus_variegatus,-79.6,-0.4667,9
1326,bradypus_variegatus,-77.95,-1.4833,9
1327,bradypus_variegatus,-79.15,-0.25,9
1328,bradypus_variegatus,-85.9333,13.1833,9
1329,bradypus_variegatus,-83.7,10.9333,9
1330,bradypus_variegatus,-84.4333,12.15,9
1331,bradypus_variegatus,-83.7667,12.15,9
1332,bradypus_variegatus,-82.4,9.3,9
1333,bradypus_variegatus,-82.5167,9.45,9
1334,bradypus_variegatus,-79.9,9.2167,9
1335,bradypus_variegatus,-79.6,9.2833,9
1336,bradypus_variegatus,-77.3,8.1667,9
1337,bradypus_variegatus,-77.75,8.1,9
1338,bradypus_variegatus,-77.7333,8.1333,9
1339,bradypus_variegatus,-78.3667,7.9667,9
1340,bradypus_variegatus,-77.4333,7.9833,9
1341,bradypus_variegatus,-79.5833,8.95,9
1342,bradypus_variegatus,-79.85,9.15,9
1343,bradypus_variegatus,-79.8,8.8667,9
1344,bradypus_variegatus,-79.6,8.9,9
1345,bradypus_variegatus,-77.1167,-4.65,9
1346,bradypus_variegatus,-74.0833,-2.3667,9
1347,bradypus_variegatus,-74.2167,-4.8333,9
1348,bradypus_variegatus,-72.1333,-3.4333,9
1349,bradypus_variegatus,-73.05,-3.4667,9
1350,bradypus_variegatus,-75.1,-6.7333,9
1351,bradypus_variegatus,-76.05,-5.8333,9
1352,bradypus_variegatus,-74.5333,-8.3833,9
1353,bradypus_variegatus,-65.55,3.1667,9
1354,bradypus_variegatus,-65.9167,3.0833,9
1355,bradypus_variegatus,-66.2167,5.3,9
1356,bradypus_variegatus,-67.6833,10.3667,9
1357,bradypus_variegatus,-68.3833,10.5333,9
1358,bradypus_variegatus,-66.8333,10.3667,9
1359,microryzomys_minutus,-64.7,-17.85,9
1360,microryzomys_minutus,-67.9833,-15.9,9
1361,microryzomys_minutus,-70.9167,-13.5,9
1362,microryzomys_minutus,-72.5,-13.1667,9
1363,microryzomys_minutus,-72.5667,-13.1167,9
1364,microryzomys_minutus,-72.35,-12.8833,9
1365,microryzomys_minutus,-73.8167,-12.7833,9
1366,microryzomys_minutus,-75.7,-11.4167,9
1367,microryzomys_minutus,-75.5333,-11.2667,9
1368,microryzomys_minutus,-75.8667,-10.4667,9
1369,microryzomys_minutus,-76.15,-9.7,9
1370,microryzomys_minutus,-76.0333,-9.7,9
1371,microryzomys_minutus,-79.05,-6.9,9
1372,microryzomys_minutus,-77.55,-6.18333,9
1373,microryzomys_minutus,-77.3333,-6.11667,9
1374,microryzomys_minutus,-77.95,-5.88333,9
1375,microryzomys_minutus,-78.1667,-5.5,9
1376,microryzomys_minutus,-79.6,-5.4,9
1377,microryzomys_minutus,-79.3833,-5.11667,9
1378,microryzomys_minutus,-78.9833,-2.28333,9
1379,microryzomys_minutus,-78.4167,-1.4,9
1380,microryzomys_minutus,-78.4833,-1.36667,9
1381,microryzomys_minutus,-77.8833,-0.45,9
1382,microryzomys_minutus,-78.3833,-0.36667,9
1383,microryzomys_minutus,-78.5833,-0.05,9
1384,microryzomys_minutus,-78.4167,0.116667,9
1385,microryzomys_minutus,-78.8333,0.116667,9
1386,microryzomys_minutus,-78.5333,0.15,9
1387,microryzomys_minutus,-76.6,1.916667,9
1388,microryzomys_minutus,-76.5667,1.95,9
1389,microryzomys_minutus,-76.3,2.483333,9
1390,microryzomys_minutus,-76.95,2.533333,9
1391,microryzomys_minutus,-77.2,2.666667,9
1392,microryzomys_minutus,-74.3667,4.35,9
1393,microryzomys_minutus,-75.3667,4.433333,9
1394,microryzomys_minutus,-74.0833,4.566667,9
1395,microryzomys_minutus,-74.0833,4.6,9
1396,microryzomys_minutus,-75.5667,4.633333,9
1397,microryzomys_minutus,-74.5333,4.75,9
1398,microryzomys_minutus,-74.6333,4.85,9
1399,microryzomys_minutus,-73.8667,4.866667,9
1400,microryzomys_minutus,-75.55,6.166667,9
1401,microryzomys_minutus,-75.45,7.083333,9
1402,microryzomys_minutus,-71.15,8.6,9
1403,microryzomys_minutus,-71.4,8.6,9
1404,microryzomys_minutus,-71.35,8.633333,9
1405,microryzomys_minutus,-71.0833,8.75,9
1406,microryzomys_minutus,-70.85,8.8,9
1407,microryzomys_minutus,-71.25,8.833333,9
1408,microryzomys_minutus,-63.5333,10.2,9
1409,microryzomys_minutus,-67.1667,10.43333,9
1410,microryzomys_minutus,-66.8667,10.55,9
1411,microryzomys_minutus,-73.65,10.71667,9
1412,microryzomys_minutus,-79.1333,-2.85,9
1413,microryzomys_minutus,-78.95,-2.48333,9
1414,microryzomys_minutus,-78.9667,-2.4,9
1415,microryzomys_minutus,-78.5,-1.3,9
1416,microryzomys_minutus,-78.1333,-0.36667,9
1417,microryzomys_minutus,-78.4667,-0.3,9
1418,microryzomys_minutus,-77.8167,0.6,9
1419,microryzomys_minutus,-75.3833,4.96667,9
