,id,iso2Code,name,region,adminregion,incomeLevel,lendingType,capitalCity,longitude,latitude
0,ABW,AW,Aruba,"{'id': 'LCN', 'iso2code': 'ZJ', 'value': 'Latin America & Caribbean '}","{'id': '', 'iso2code': '', 'value': ''}","{'id': 'HIC', 'iso2code': 'XD', 'value': 'High income'}","{'id': 'LNX', 'iso2code': 'XX', 'value': 'Not classified'}",Oranjestad,-70.0167,12.5167
1,AFG,AF,Afghanistan,"{'id': 'SAS', 'iso2code': '8S', 'value': 'South Asia'}","{'id': 'SAS', 'iso2code': '8S', 'value': 'South Asia'}","{'id': 'LIC', 'iso2code': 'XM', 'value': 'Low income'}","{'id': 'IDX', 'iso2code': 'XI', 'value': 'IDA'}",Kabul,69.1761,34.5228
2,AFR,A9,Africa,"{'id': 'NA', 'iso2code': 'NA', 'value': 'Aggregates'}","{'id': '', 'iso2code': '', 'value': ''}","{'id': 'NA', 'iso2code': 'NA', 'value': 'Aggregates'}","{'id': '', 'iso2code': '', 'value': 'Aggregates'}",,,
3,AGO,AO,Angola,"{'id': 'SSF', 'iso2code': 'ZG', 'value': 'Sub-Saharan Africa '}","{'id': 'SSA', 'iso2code': 'ZF', 'value': 'Sub-Saharan Africa (excluding high income)'}","{'id': 'LMC', 'iso2code': 'XN', 'value': 'Lower middle income'}","{'id': 'IBD', 'iso2code': 'XF', 'value': 'IBRD'}",Luanda,13.242,-8.81155
4,ALB,AL,Albania,"{'id': 'ECS', 'iso2code': 'Z7', 'value': 'Europe & Central Asia'}","{'id': 'ECA', 'iso2code': '7E', 'value': 'Europe & Central Asia (excluding high income)'}","{'id': 'UMC', 'iso2code': 'XT', 'value': 'Upper middle income'}","{'id': 'IBD', 'iso2code': 'XF', 'value': 'IBRD'}",Tirane,19.8172,41.3317
5,AND,AD,Andorra,"{'id': 'ECS', 'iso2code': 'Z7', 'value': 'Europe & Central Asia'}","{'id': '', 'iso2code': '', 'value': ''}","{'id': 'HIC', 'iso2code': 'XD', 'value': 'High income'}","{'id': 'LNX', 'iso2code': 'XX', 'value': 'Not classified'}",Andorra la Vella,1.5218,42.5075
6,ANR,L5,Andean Region,"{'id': 'NA', 'iso2code': 'NA', 'value': 'Aggregates'}","{'id': '', 'iso2code': '', 'value': ''}","{'id': 'NA', 'iso2code': 'NA', 'value': 'Aggregates'}","{'id': '', 'iso2code': '', 'value': 'Aggregates'}",,,
7,ARB,1A,Arab World,"{'id': 'NA', 'iso2code': 'NA', 'value': 'Aggregates'}","{'id': '', 'iso2code': '', 'value': ''}","{'id': 'NA', 'iso2code': 'NA', 'value': 'Aggregates'}","{'id': '', 'iso2code': '', 'value': 'Aggregates'}",,,
8,ARE,AE,United Arab Emirates,"{'id': 'MEA', 'iso2code': 'ZQ', 'value': 'Middle East & North Africa'}","{'id': '', 'iso2code': '', 'value': ''}","{'id': 'HIC', 'iso2code': 'XD', 'value': 'High income'}","{'id': 'LNX', 'iso2code': 'XX', 'value': 'Not classified'}",Abu Dhabi,54.3705,24.4764
9,ARG,AR,Argentina,"{'id': 'LCN', 'iso2code': 'ZJ', 'value': 'Latin America & Caribbean '}","{'id': 'LAC', 'iso2code': 'XJ', 'value': 'Latin America & Caribbean (excluding high income)'}","{'id': 'UMC', 'iso2code': 'XT', 'value': 'Upper middle income'}","{'id': 'IBD', 'iso2code': 'XF', 'value': 'IBRD'}",Buenos Aires,-58.4173,-34.6118
10,ARM,AM,Armenia,"{'id': 'ECS', 'iso2code': 'Z7', 'value': 'Europe & Central Asia'}","{'id': 'ECA', 'iso2code': '7E', 'value': 'Europe & Central Asia (excluding high income)'}","{'id': 'UMC', 'iso2code': 'XT', 'value': 'Upper middle income'}","{'id': 'IBD', 'iso2code': 'XF', 'value': 'IBRD'}",Yerevan,44.509,40.1596
11,ASM,AS,American Samoa,"{'id': 'EAS', 'iso2code': 'Z4', 'value': 'East Asia & Pacific'}","{'id': 'EAP', 'iso2code': '4E', 'value': 'East Asia & Pacific (excluding high income)'}","{'id': 'UMC', 'iso2code': 'XT', 'value': 'Upper middle income'}","{'id': 'LNX', 'iso2code': 'XX', 'value': 'Not classified'}",Pago Pago,-170.691,-14.2846
12,ATG,AG,Antigua and Barbuda,"{'id': 'LCN', 'iso2code': 'ZJ', 'value': 'Latin America & Caribbean '}","{'id': '', 'iso2code': '', 'value': ''}","{'id': 'HIC', 'iso2code': 'XD', 'value': 'High income'}","{'id': 'IBD', 'iso2code': 'XF', 'value': 'IBRD'}",Saint John's,-61.8456,17.1175
13,AUS,AU,Australia,"{'id': 'EAS', 'iso2code': 'Z4', 'value': 'East Asia & Pacific'}","{'id': '', 'iso2code': '', 'value': ''}","{'id': 'HIC', 'iso2code': 'XD', 'value': 'High income'}","{'id': 'LNX', 'iso2code': 'XX', 'value': 'Not classified'}",Canberra,149.129,-35.282
14,AUT,AT,Austria,"{'id': 'ECS', 'iso2code': 'Z7', 'value': 'Europe & Central Asia'}","{'id': '', 'iso2code': '', 'value': ''}","{'id': 'HIC', 'iso2code': 'XD', 'value': 'High income'}","{'id': 'LNX', 'iso2code': 'XX', 'value': 'Not classified'}",Vienna,16.3798,48.2201
15,AZE,AZ,Azerbaijan,"{'id': 'ECS', 'iso2code': 'Z7', 'value': 'Europe & Central Asia'}","{'id': 'ECA', 'iso2code': '7E', 'value': 'Europe & Central Asia (excluding high income)'}","{'id': 'UMC', 'iso2code': 'XT', 'value': 'Upper middle income'}","{'id': 'IBD', 'iso2code': 'XF', 'value': 'IBRD'}",Baku,49.8932,40.3834
16,BDI,BI,Burundi,"{'id': 'SSF', 'iso2code': 'ZG', 'value': 'Sub-Saharan Africa '}","{'id': 'SSA', 'iso2code': 'ZF', 'value': 'Sub-Saharan Africa (excluding high income)'}","{'id': 'LIC', 'iso2code': 'XM', 'value': 'Low income'}","{'id': 'IDX', 'iso2code': 'XI', 'value': 'IDA'}",Bujumbura,29.3639,-3.3784
17,BEA,B4,East Asia & Pacific (IBRD-only countries),"{'id': 'NA', 'iso2code': 'NA', 'value': 'Aggregates'}","{'id': '', 'iso2code': '', 'value': ''}","{'id': 'NA', 'iso2code': 'NA', 'value': 'Aggregates'}","{'id': '', 'iso2code': '', 'value': 'Aggregates'}",,,
18,BEC,B7,Europe & Central Asia (IBRD-only countries),"{'id': 'NA', 'iso2code': 'NA', 'value': 'Aggregates'}","{'id': '', 'iso2code': '', 'value': ''}","{'id': 'NA', 'iso2code': 'NA', 'value': 'Aggregates'}","{'id': '', 'iso2code': '', 'value': 'Aggregates'}",,,
19,BEL,BE,Belgium,"{'id': 'ECS', 'iso2code': 'Z7', 'value': 'Europe & Central Asia'}","{'id': '', 'iso2code': '', 'value': ''}","{'id': 'HIC', 'iso2code': 'XD', 'value': 'High income'}","{'id': 'LNX', 'iso2code': 'XX', 'value': 'Not classified'}",Brussels,4.36761,50.8371
20,BEN,BJ,Benin,"{'id': 'SSF', 'iso2code': 'ZG', 'value': 'Sub-Saharan Africa '}","{'id': 'SSA', 'iso2code': 'ZF', 'value': 'Sub-Saharan Africa (excluding high income)'}","{'id': 'LMC', 'iso2code': 'XN', 'value': 'Lower middle income'}","{'id': 'IDX', 'iso2code': 'XI', 'value': 'IDA'}",Porto-Novo,2.6323,6.4779
21,BFA,BF,Burkina Faso,"{'id': 'SSF', 'iso2code': 'ZG', 'value': 'Sub-Saharan Africa '}","{'id': 'SSA', 'iso2code': 'ZF', 'value': 'Sub-Saharan Africa (excluding high income)'}","{'id': 'LIC', 'iso2code': 'XM', 'value': 'Low income'}","{'id': 'IDX', 'iso2code': 'XI', 'value': 'IDA'}",Ouagadougou,-1.53395,12.3605
22,BGD,BD,Bangladesh,"{'id': 'SAS', 'iso2code': '8S', 'value': 'South Asia'}","{'id': 'SAS', 'iso2code': '8S', 'value': 'South Asia'}","{'id': 'LMC', 'iso2code': 'XN', 'value': 'Lower middle income'}","{'id': 'IDX', 'iso2code': 'XI', 'value': 'IDA'}",Dhaka,90.4113,23.7055
23,BGR,BG,Bulgaria,"{'id': 'ECS', 'iso2code': 'Z7', 'value': 'Europe & Central Asia'}","{'id': 'ECA', 'iso2code': '7E', 'value': 'Europe & Central Asia (excluding high income)'}","{'id': 'UMC', 'iso2code': 'XT', 'value': 'Upper middle income'}","{'id': 'IBD', 'iso2code': 'XF', 'value': 'IBRD'}",Sofia,23.3238,42.7105
24,BHI,B1,IBRD countries classified as high income,"{'id': 'NA', 'iso2code': 'NA', 'value': 'Aggregates'}","{'id': '', 'iso2code': '', 'value': ''}","{'id': 'NA', 'iso2code': 'NA', 'value': 'Aggregates'}","{'id': '', 'iso2code': '', 'value': 'Aggregates'}",,,
25,BHR,BH,Bahrain,"{'id': 'MEA', 'iso2code': 'ZQ', 'value': 'Middle East & North Africa'}","{'id': '', 'iso2code': '', 'value': ''}","{'id': 'HIC', 'iso2code': 'XD', 'value': 'High income'}","{'id': 'LNX', 'iso2code': 'XX', 'value': 'Not classified'}",Manama,50.5354,26.1921
26,BHS,BS,"Bahamas, The","{'id': 'LCN', 'iso2code': 'ZJ', 'value': 'Latin America & Caribbean '}","{'id': '', 'iso2code': '', 'value': ''}","{'id': 'HIC', 'iso2code': 'XD', 'value': 'High income'}","{'id': 'LNX', 'iso2code': 'XX', 'value': 'Not classified'}",Nassau,-77.339,25.0661
27,BIH,BA,Bosnia and Herzegovina,"{'id': 'ECS', 'iso2code': 'Z7', 'value': 'Europe & Central Asia'}","{'id': 'ECA', 'iso2code': '7E', 'value': 'Europe & Central Asia (excluding high income)'}","{'id': 'UMC', 'iso2code': 'XT', 'value': 'Upper middle income'}","{'id': 'IBD', 'iso2code': 'XF', 'value': 'IBRD'}",Sarajevo,18.4214,43.8607
28,BLA,B2,Latin America & the Caribbean (IBRD-only countries),"{'id': 'NA', 'iso2code': 'NA', 'value': 'Aggregates'}","{'id': '', 'iso2code': '', 'value': ''}","{'id': 'NA', 'iso2code': 'NA', 'value': 'Aggregates'}","{'id': '', 'iso2code': '', 'value': 'Aggregates'}",,,
29,BLR,BY,Belarus,"{'id': 'ECS', 'iso2code': 'Z7', 'value': 'Europe & Central Asia'}","{'id': 'ECA', 'iso2code': '7E', 'value': 'Europe & Central Asia (excluding high income)'}","{'id': 'UMC', 'iso2code': 'XT', 'value': 'Upper middle income'}","{'id': 'IBD', 'iso2code': 'XF', 'value': 'IBRD'}",Minsk,27.5766,53.9678
30,BLZ,BZ,Belize,"{'id': 'LCN', 'iso2code': 'ZJ', 'value': 'Latin America & Caribbean '}","{'id': 'LAC', 'iso2code': 'XJ', 'value': 'Latin America & Caribbean (excluding high income)'}","{'id': 'UMC', 'iso2code': 'XT', 'value': 'Upper middle income'}","{'id': 'IBD', 'iso2code': 'XF', 'value': 'IBRD'}",Belmopan,-88.7713,17.2534
31,BMN,B3,Middle East & North Africa (IBRD-only countries),"{'id': 'NA', 'iso2code': 'NA', 'value': 'Aggregates'}","{'id': '', 'iso2code': '', 'value': ''}","{'id': 'NA', 'iso2code': 'NA', 'value': 'Aggregates'}","{'id': '', 'iso2code': '', 'value': 'Aggregates'}",,,
32,BMU,BM,Bermuda,"{'id': 'NAC', 'iso2code': 'XU', 'value': 'North America'}","{'id': '', 'iso2code': '', 'value': ''}","{'id': 'HIC', 'iso2code': 'XD', 'value': 'High income'}","{'id': 'LNX', 'iso2code': 'XX', 'value': 'Not classified'}",Hamilton,-64.706,32.3293
33,BOL,BO,Bolivia,"{'id': 'LCN', 'iso2code': 'ZJ', 'value': 'Latin America & Caribbean '}","{'id': 'LAC', 'iso2code': 'XJ', 'value': 'Latin America & Caribbean (excluding high income)'}","{'id': 'LMC', 'iso2code': 'XN', 'value': 'Lower middle income'}","{'id': 'IBD', 'iso2code': 'XF', 'value': 'IBRD'}",La Paz,-66.1936,-13.9908
34,BRA,BR,Brazil,"{'id': 'LCN', 'iso2code': 'ZJ', 'value': 'Latin America & Caribbean '}","{'id': 'LAC', 'iso2code': 'XJ', 'value': 'Latin America & Caribbean (excluding high income)'}","{'id': 'UMC', 'iso2code': 'XT', 'value': 'Upper middle income'}","{'id': 'IBD', 'iso2code': 'XF', 'value': 'IBRD'}",Brasilia,-47.9292,-15.7801
35,BRB,BB,Barbados,"{'id': 'LCN', 'iso2code': 'ZJ', 'value': 'Latin America & Caribbean '}","{'id': '', 'iso2code': '', 'value': ''}","{'id': 'HIC', 'iso2code': 'XD', 'value': 'High income'}","{'id': 'LNX', 'iso2code': 'XX', 'value': 'Not classified'}",Bridgetown,-59.6105,13.0935
36,BRN,BN,Brunei Darussalam,"{'id': 'EAS', 'iso2code': 'Z4', 'value': 'East Asia & Pacific'}","{'id': '', 'iso2code': '', 'value': ''}","{'id': 'HIC', 'iso2code': 'XD', 'value': 'High income'}","{'id': 'LNX', 'iso2code': 'XX', 'value': 'Not classified'}",Bandar Seri Begawan,114.946,4.94199
37,BSS,B6,Sub-Saharan Africa (IBRD-only countries),"{'id': 'NA', 'iso2code': 'NA', 'value': 'Aggregates'}","{'id': '', 'iso2code': '', 'value': ''}","{'id': 'NA', 'iso2code': 'NA', 'value': 'Aggregates'}","{'id': '', 'iso2code': '', 'value': 'Aggregates'}",,,
38,BTN,BT,Bhutan,"{'id': 'SAS', 'iso2code': '8S', 'value': 'South Asia'}","{'id': 'SAS', 'iso2code': '8S', 'value': 'South Asia'}","{'id': 'LMC', 'iso2code': 'XN', 'value': 'Lower middle income'}","{'id': 'IDX', 'iso2code': 'XI', 'value': 'IDA'}",Thimphu,89.6177,27.5768
39,BWA,BW,Botswana,"{'id': 'SSF', 'iso2code': 'ZG', 'value': 'Sub-Saharan Africa '}","{'id': 'SSA', 'iso2code': 'ZF', 'value': 'Sub-Saharan Africa (excluding high income)'}","{'id': 'UMC', 'iso2code': 'XT', 'value': 'Upper middle income'}","{'id': 'IBD', 'iso2code': 'XF', 'value': 'IBRD'}",Gaborone,25.9201,-24.6544
40,CAA,C9,Sub-Saharan Africa (IFC classification),"{'id': 'NA', 'iso2code': 'NA', 'value': 'Aggregates'}","{'id': '', 'iso2code': '', 'value': ''}","{'id': 'NA', 'iso2code': 'NA', 'value': 'Aggregates'}","{'id': '', 'iso2code': '', 'value': 'Aggregates'}",,,
41,CAF,CF,Central African Republic,"{'id': 'SSF', 'iso2code': 'ZG', 'value': 'Sub-Saharan Africa '}","{'id': 'SSA', 'iso2code': 'ZF', 'value': 'Sub-Saharan Africa (excluding high income)'}","{'id': 'LIC', 'iso2code': 'XM', 'value': 'Low income'}","{'id': 'IDX', 'iso2code': 'XI', 'value': 'IDA'}",Bangui,21.6407,5.63056
42,CAN,CA,Canada,"{'id': 'NAC', 'iso2code': 'XU', 'value': 'North America'}","{'id': '', 'iso2code': '', 'value': ''}","{'id': 'HIC', 'iso2code': 'XD', 'value': 'High income'}","{'id': 'LNX', 'iso2code': 'XX', 'value': 'Not classified'}",Ottawa,-75.6919,45.4215
43,CEA,C4,East Asia and the Pacific (IFC classification),"{'id': 'NA', 'iso2code': 'NA', 'value': 'Aggregates'}","{'id': '', 'iso2code': '', 'value': ''}","{'id': 'NA', 'iso2code': 'NA', 'value': 'Aggregates'}","{'id': '', 'iso2code': '', 'value': 'Aggregates'}",,,
44,CEB,B8,Central Europe and the Baltics,"{'id': 'NA', 'iso2code': 'NA', 'value': 'Aggregates'}","{'id': '', 'iso2code': '', 'value': ''}","{'id': 'NA', 'iso2code': 'NA', 'value': 'Aggregates'}","{'id': '', 'iso2code': '', 'value': 'Aggregates'}",,,
45,CEU,C5,Europe and Central Asia (IFC classification),"{'id': 'NA', 'iso2code': 'NA', 'value': 'Aggregates'}","{'id': '', 'iso2code': '', 'value': ''}","{'id': 'NA', 'iso2code': 'NA', 'value': 'Aggregates'}","{'id': '', 'iso2code': '', 'value': 'Aggregates'}",,,
46,CHE,CH,Switzerland,"{'id': 'ECS', 'iso2code': 'Z7', 'value': 'Europe & Central Asia'}","{'id': '', 'iso2code': '', 'value': ''}","{'id': 'HIC', 'iso2code': 'XD', 'value': 'High income'}","{'id': 'LNX', 'iso2code': 'XX', 'value': 'Not classified'}",Bern,7.44821,46.948
47,CHI,JG,Channel Islands,"{'id': 'ECS', 'iso2code': 'Z7', 'value': 'Europe & Central Asia'}","{'id': '', 'iso2code': '', 'value': ''}","{'id': 'HIC', 'iso2code': 'XD', 'value': 'High income'}","{'id': 'LNX', 'iso2code': 'XX', 'value': 'Not classified'}",,,
48,CHL,CL,Chile,"{'id': 'LCN', 'iso2code': 'ZJ', 'value': 'Latin America & Caribbean '}","{'id': '', 'iso2code': '', 'value': ''}","{'id': 'HIC', 'iso2code': 'XD', 'value': 'High income'}","{'id': 'IBD', 'iso2code': 'XF', 'value': 'IBRD'}",Santiago,-70.6475,-33.475
49,CHN,CN,China,"{'id': 'EAS', 'iso2code': 'Z4', 'value': 'East Asia & Pacific'}","{'id': 'EAP', 'iso2code': '4E', 'value': 'East Asia & Pacific (excluding high income)'}","{'id': 'UMC', 'iso2code': 'XT', 'value': 'Upper middle income'}","{'id': 'IBD', 'iso2code': 'XF', 'value': 'IBRD'}",Beijing,116.286,40.0495
50,CIV,CI,Cote d'Ivoire,"{'id': 'SSF', 'iso2code': 'ZG', 'value': 'Sub-Saharan Africa '}","{'id': 'SSA', 'iso2code': 'ZF', 'value': 'Sub-Saharan Africa (excluding high income)'}","{'id': 'LMC', 'iso2code': 'XN', 'value': 'Lower middle income'}","{'id': 'IDX', 'iso2code': 'XI', 'value': 'IDA'}",Yamoussoukro,-4.0305,5.332
51,CLA,C6,Latin America and the Caribbean (IFC classification),"{'id': 'NA', 'iso2code': 'NA', 'value': 'Aggregates'}","{'id': '', 'iso2code': '', 'value': ''}","{'id': 'NA', 'iso2code': 'NA', 'value': 'Aggregates'}","{'id': '', 'iso2code': '', 'value': 'Aggregates'}",,,
52,CME,C7,Middle East and North Africa (IFC classification),"{'id': 'NA', 'iso2code': 'NA', 'value': 'Aggregates'}","{'id': '', 'iso2code': '', 'value': ''}","{'id': 'NA', 'iso2code': 'NA', 'value': 'Aggregates'}","{'id': '', 'iso2code': '', 'value': 'Aggregates'}",,,
53,CMR,CM,Cameroon,"{'id': 'SSF', 'iso2code': 'ZG', 'value': 'Sub-Saharan Africa '}","{'id': 'SSA', 'iso2code': 'ZF', 'value': 'Sub-Saharan Africa (excluding high income)'}","{'id': 'LMC', 'iso2code': 'XN', 'value': 'Lower middle income'}","{'id': 'IDB', 'iso2code': 'XH', 'value': 'Blend'}",Yaounde,11.5174,3.8721
54,COD,CD,"Congo, Dem. Rep.","{'id': 'SSF', 'iso2code': 'ZG', 'value': 'Sub-Saharan Africa '}","{'id': 'SSA', 'iso2code': 'ZF', 'value': 'Sub-Saharan Africa (excluding high income)'}","{'id': 'LIC', 'iso2code': 'XM', 'value': 'Low income'}","{'id': 'IDX', 'iso2code': 'XI', 'value': 'IDA'}",Kinshasa,15.3222,-4.325
55,COG,CG,"Congo, Rep.","{'id': 'SSF', 'iso2code': 'ZG', 'value': 'Sub-Saharan Africa '}","{'id': 'SSA', 'iso2code': 'ZF', 'value': 'Sub-Saharan Africa (excluding high income)'}","{'id': 'LMC', 'iso2code': 'XN', 'value': 'Lower middle income'}","{'id': 'IDB', 'iso2code': 'XH', 'value': 'Blend'}",Brazzaville,15.2662,-4.2767
56,COL,CO,Colombia,"{'id': 'LCN', 'iso2code': 'ZJ', 'value': 'Latin America & Caribbean '}","{'id': 'LAC', 'iso2code': 'XJ', 'value': 'Latin America & Caribbean (excluding high income)'}","{'id': 'UMC', 'iso2code': 'XT', 'value': 'Upper middle income'}","{'id': 'IBD', 'iso2code': 'XF', 'value': 'IBRD'}",Bogota,-74.082,4.60987
57,COM,KM,Comoros,"{'id': 'SSF', 'iso2code': 'ZG', 'value': 'Sub-Saharan Africa '}","{'id': 'SSA', 'iso2code': 'ZF', 'value': 'Sub-Saharan Africa (excluding high income)'}","{'id': 'LMC', 'iso2code': 'XN', 'value': 'Lower middle income'}","{'id': 'IDX', 'iso2code': 'XI', 'value': 'IDA'}",Moroni,43.2418,-11.6986
58,CPV,CV,Cabo Verde,"{'id': 'SSF', 'iso2code': 'ZG', 'value': 'Sub-Saharan Africa '}","{'id': 'SSA', 'iso2code': 'ZF', 'value': 'Sub-Saharan Africa (excluding high income)'}","{'id': 'LMC', 'iso2code': 'XN', 'value': 'Lower middle income'}","{'id': 'IDB', 'iso2code': 'XH', 'value': 'Blend'}",Praia,-23.5087,14.9218
59,CRI,CR,Costa Rica,"{'id': 'LCN', 'iso2code': 'ZJ', 'value': 'Latin America & Caribbean '}","{'id': 'LAC', 'iso2code': 'XJ', 'value': 'Latin America & Caribbean (excluding high income)'}","{'id': 'UMC', 'iso2code': 'XT', 'value': 'Upper middle income'}","{'id': 'IBD', 'iso2code': 'XF', 'value': 'IBRD'}",San Jose,-84.0089,9.63701
60,CSA,C8,South Asia (IFC classification),"{'id': 'NA', 'iso2code': 'NA', 'value': 'Aggregates'}","{'id': '', 'iso2code': '', 'value': ''}","{'id': 'NA', 'iso2code': 'NA', 'value': 'Aggregates'}","{'id': '', 'iso2code': '', 'value': 'Aggregates'}",,,
61,CSS,S3,Caribbean small states,"{'id': 'NA', 'iso2code': 'NA', 'value': 'Aggregates'}","{'id': '', 'iso2code': '', 'value': ''}","{'id': 'NA', 'iso2code': 'NA', 'value': 'Aggregates'}","{'id': '', 'iso2code': '', 'value': 'Aggregates'}",,,
62,CUB,CU,Cuba,"{'id': 'LCN', 'iso2code': 'ZJ', 'value': 'Latin America & Caribbean '}","{'id': 'LAC', 'iso2code': 'XJ', 'value': 'Latin America & Caribbean (excluding high income)'}","{'id': 'UMC', 'iso2code': 'XT', 'value': 'Upper middle income'}","{'id': 'LNX', 'iso2code': 'XX', 'value': 'Not classified'}",Havana,-82.3667,23.1333
63,CUW,CW,Curacao,"{'id': 'LCN', 'iso2code': 'ZJ', 'value': 'Latin America & Caribbean '}","{'id': '', 'iso2code': '', 'value': ''}","{'id': 'HIC', 'iso2code': 'XD', 'value': 'High income'}","{'id': 'LNX', 'iso2code': 'XX', 'value': 'Not classified'}",Willemstad,,
64,CYM,KY,Cayman Islands,"{'id': 'LCN', 'iso2code': 'ZJ', 'value': 'Latin America & Caribbean '}","{'id': '', 'iso2code': '', 'value': ''}","{'id': 'HIC', 'iso2code': 'XD', 'value': 'High income'}","{'id': 'LNX', 'iso2code': 'XX', 'value': 'Not classified'}",George Town,-81.3857,19.3022
65,CYP,CY,Cyprus,"{'id': 'ECS', 'iso2code': 'Z7', 'value': 'Europe & Central Asia'}","{'id': '', 'iso2code': '', 'value': ''}","{'id': 'HIC', 'iso2code': 'XD', 'value': 'High income'}","{'id': 'LNX', 'iso2code': 'XX', 'value': 'Not classified'}",Nicosia,33.3736,35.1676
66,CZE,CZ,Czech Republic,"{'id': 'ECS', 'iso2code': 'Z7', 'value': 'Europe & Central Asia'}","{'id': '', 'iso2code': '', 'value': ''}","{'id': 'HIC', 'iso2code': 'XD', 'value': 'High income'}","{'id': 'LNX', 'iso2code': 'XX', 'value': 'Not classified'}",Prague,14.4205,50.0878
67,DEA,D4,East Asia & Pacific (IDA-eligible countries),"{'id': 'NA', 'iso2code': 'NA', 'value': 'Aggregates'}","{'id': '', 'iso2code': '', 'value': ''}","{'id': 'NA', 'iso2code': 'NA', 'value': 'Aggregates'}","{'id': '', 'iso2code': '', 'value': 'Aggregates'}",,,
68,DEC,D7,Europe & Central Asia (IDA-eligible countries),"{'id': 'NA', 'iso2code': 'NA', 'value': 'Aggregates'}","{'id': '', 'iso2code': '', 'value': ''}","{'id': 'NA', 'iso2code': 'NA', 'value': 'Aggregates'}","{'id': '', 'iso2code': '', 'value': 'Aggregates'}",,,
69,DEU,DE,Germany,"{'id': 'ECS', 'iso2code': 'Z7', 'value': 'Europe & Central Asia'}","{'id': '', 'iso2code': '', 'value': ''}","{'id': 'HIC', 'iso2code': 'XD', 'value': 'High income'}","{'id': 'LNX', 'iso2code': 'XX', 'value': 'Not classified'}",Berlin,13.4115,52.5235
70,DFS,D8,IDA countries classified as Fragile Situations,"{'id': 'NA', 'iso2code': 'NA', 'value': 'Aggregates'}","{'id': '', 'iso2code': '', 'value': ''}","{'id': 'NA', 'iso2code': 'NA', 'value': 'Aggregates'}","{'id': '', 'iso2code': '', 'value': 'Aggregates'}",,,
71,DJI,DJ,Djibouti,"{'id': 'MEA', 'iso2code': 'ZQ', 'value': 'Middle East & North Africa'}","{'id': 'MNA', 'iso2code': 'XQ', 'value': 'Middle East & North Africa (excluding high income)'}","{'id': 'LMC', 'iso2code': 'XN', 'value': 'Lower middle income'}","{'id': 'IDX', 'iso2code': 'XI', 'value': 'IDA'}",Djibouti,43.1425,11.5806
72,DLA,D2,Latin America & the Caribbean (IDA-eligible countries),"{'id': 'NA', 'iso2code': 'NA', 'value': 'Aggregates'}","{'id': '', 'iso2code': '', 'value': ''}","{'id': 'NA', 'iso2code': 'NA', 'value': 'Aggregates'}","{'id': '', 'iso2code': '', 'value': 'Aggregates'}",,,
73,DMA,DM,Dominica,"{'id': 'LCN', 'iso2code': 'ZJ', 'value': 'Latin America & Caribbean '}","{'id': 'LAC', 'iso2code': 'XJ', 'value': 'Latin America & Caribbean (excluding high income)'}","{'id': 'UMC', 'iso2code': 'XT', 'value': 'Upper middle income'}","{'id': 'IDB', 'iso2code': 'XH', 'value': 'Blend'}",Roseau,-61.39,15.2976
74,DMN,D3,Middle East & North Africa (IDA-eligible countries),"{'id': 'NA', 'iso2code': 'NA', 'value': 'Aggregates'}","{'id': '', 'iso2code': '', 'value': ''}","{'id': 'NA', 'iso2code': 'NA', 'value': 'Aggregates'}","{'id': '', 'iso2code': '', 'value': 'Aggregates'}",,,
75,DNF,D9,IDA countries not classified as Fragile Situations,"{'id': 'NA', 'iso2code': 'NA', 'value': 'Aggregates'}","{'id': '', 'iso2code': '', 'value': ''}","{'id': 'NA', 'iso2code': 'NA', 'value': 'Aggregates'}","{'id': '', 'iso2code': '', 'value': 'Aggregates'}",,,
76,DNK,DK,Denmark,"{'id': 'ECS', 'iso2code': 'Z7', 'value': 'Europe & Central Asia'}","{'id': '', 'iso2code': '', 'value': ''}","{'id': 'HIC', 'iso2code': 'XD', 'value': 'High income'}","{'id': 'LNX', 'iso2code': 'XX', 'value': 'Not classified'}",Copenhagen,12.5681,55.6763
77,DNS,N6,IDA countries in Sub-Saharan Africa not classified as fragile situations ,"{'id': 'NA', 'iso2code': 'NA', 'value': 'Aggregates'}","{'id': '', 'iso2code': '', 'value': ''}","{'id': 'NA', 'iso2code': 'NA', 'value': 'Aggregates'}","{'id': '', 'iso2code': '', 'value': 'Aggregates'}",,,
78,DOM,DO,Dominican Republic,"{'id': 'LCN', 'iso2code': 'ZJ', 'value': 'Latin America & Caribbean '}","{'id': 'LAC', 'iso2code': 'XJ', 'value': 'Latin America & Caribbean (excluding high income)'}","{'id': 'UMC', 'iso2code': 'XT', 'value': 'Upper middle income'}","{'id': 'IBD', 'iso2code': 'XF', 'value': 'IBRD'}",Santo Domingo,-69.8908,18.479
79,DSA,D5,South Asia (IDA-eligible countries),"{'id': 'NA', 'iso2code': 'NA', 'value': 'Aggregates'}","{'id': '', 'iso2code': '', 'value': ''}","{'id': 'NA', 'iso2code': 'NA', 'value': 'Aggregates'}","{'id': '', 'iso2code': '', 'value': 'Aggregates'}",,,
80,DSF,F6,IDA countries in Sub-Saharan Africa classified as fragile situations ,"{'id': 'NA', 'iso2code': 'NA', 'value': 'Aggregates'}","{'id': '', 'iso2code': '', 'value': ''}","{'id': 'NA', 'iso2code': 'NA', 'value': 'Aggregates'}","{'id': '', 'iso2code': '', 'value': 'Aggregates'}",,,
81,DSS,D6,Sub-Saharan Africa (IDA-eligible countries),"{'id': 'NA', 'iso2code': 'NA', 'value': 'Aggregates'}","{'id': '', 'iso2code': '', 'value': ''}","{'id': 'NA', 'iso2code': 'NA', 'value': 'Aggregates'}","{'id': '', 'iso2code': '', 'value': 'Aggregates'}",,,
82,DXS,6D,"IDA total, excluding Sub-Saharan Africa","{'id': 'NA', 'iso2code': 'NA', 'value': 'Aggregates'}","{'id': '', 'iso2code': '', 'value': ''}","{'id': 'NA', 'iso2code': 'NA', 'value': 'Aggregates'}","{'id': '', 'iso2code': '', 'value': 'Aggregates'}",,,
83,DZA,DZ,Algeria,"{'id': 'MEA', 'iso2code': 'ZQ', 'value': 'Middle East & North Africa'}","{'id': 'MNA', 'iso2code': 'XQ', 'value': 'Middle East & North Africa (excluding high income)'}","{'id': 'LMC', 'iso2code': 'XN', 'value': 'Lower middle income'}","{'id': 'IBD', 'iso2code': 'XF', 'value': 'IBRD'}",Algiers,3.05097,36.7397
84,EAP,4E,East Asia & Pacific (excluding high income),"{'id': 'NA', 'iso2code': 'NA', 'value': 'Aggregates'}","{'id': '', 'iso2code': '', 'value': ''}","{'id': 'NA', 'iso2code': 'NA', 'value': 'Aggregates'}","{'id': '', 'iso2code': '', 'value': 'Aggregates'}",,,
85,EAR,V2,Early-demographic dividend,"{'id': 'NA', 'iso2code': 'NA', 'value': 'Aggregates'}","{'id': '', 'iso2code': '', 'value': ''}","{'id': 'NA', 'iso2code': 'NA', 'value': 'Aggregates'}","{'id': '', 'iso2code': '', 'value': 'Aggregates'}",,,
86,EAS,Z4,East Asia & Pacific,"{'id': 'NA', 'iso2code': 'NA', 'value': 'Aggregates'}","{'id': '', 'iso2code': '', 'value': ''}","{'id': 'NA', 'iso2code': 'NA', 'value': 'Aggregates'}","{'id': '', 'iso2code': '', 'value': 'Aggregates'}",,,
87,ECA,7E,Europe & Central Asia (excluding high income),"{'id': 'NA', 'iso2code': 'NA', 'value': 'Aggregates'}","{'id': '', 'iso2code': '', 'value': ''}","{'id': 'NA', 'iso2code': 'NA', 'value': 'Aggregates'}","{'id': '', 'iso2code': '', 'value': 'Aggregates'}",,,
88,ECS,Z7,Europe & Central Asia,"{'id': 'NA', 'iso2code': 'NA', 'value': 'Aggregates'}","{'id': '', 'iso2code': '', 'value': ''}","{'id': 'NA', 'iso2code': 'NA', 'value': 'Aggregates'}","{'id': '', 'iso2code': '', 'value': 'Aggregates'}",,,
89,ECU,EC,Ecuador,"{'id': 'LCN', 'iso2code': 'ZJ', 'value': 'Latin America & Caribbean '}","{'id': 'LAC', 'iso2code': 'XJ', 'value': 'Latin America & Caribbean (excluding high income)'}","{'id': 'UMC', 'iso2code': 'XT', 'value': 'Upper middle income'}","{'id': 'IBD', 'iso2code': 'XF', 'value': 'IBRD'}",Quito,-78.5243,-0.229498
90,EGY,EG,"Egypt, Arab Rep.","{'id': 'MEA', 'iso2code': 'ZQ', 'value': 'Middle East & North Africa'}","{'id': 'MNA', 'iso2code': 'XQ', 'value': 'Middle East & North Africa (excluding high income)'}","{'id': 'LMC', 'iso2code': 'XN', 'value': 'Lower middle income'}","{'id': 'IBD', 'iso2code': 'XF', 'value': 'IBRD'}",Cairo,31.2461,30.0982
91,EMU,XC,Euro area,"{'id': 'NA', 'iso2code': 'NA', 'value': 'Aggregates'}","{'id': '', 'iso2code': '', 'value': ''}","{'id': 'NA', 'iso2code': 'NA', 'value': 'Aggregates'}","{'id': '', 'iso2code': '', 'value': 'Aggregates'}",,,
92,ERI,ER,Eritrea,"{'id': 'SSF', 'iso2code': 'ZG', 'value': 'Sub-Saharan Africa '}","{'id': 'SSA', 'iso2code': 'ZF', 'value': 'Sub-Saharan Africa (excluding high income)'}","{'id': 'LIC', 'iso2code': 'XM', 'value': 'Low income'}","{'id': 'IDX', 'iso2code': 'XI', 'value': 'IDA'}",Asmara,38.9183,15.3315
93,ESP,ES,Spain,"{'id': 'ECS', 'iso2code': 'Z7', 'value': 'Europe & Central Asia'}","{'id': '', 'iso2code': '', 'value': ''}","{'id': 'HIC', 'iso2code': 'XD', 'value': 'High income'}","{'id': 'LNX', 'iso2code': 'XX', 'value': 'Not classified'}",Madrid,-3.70327,40.4167
94,EST,EE,Estonia,"{'id': 'ECS', 'iso2code': 'Z7', 'value': 'Europe & Central Asia'}","{'id': '', 'iso2code': '', 'value': ''}","{'id': 'HIC', 'iso2code': 'XD', 'value': 'High income'}","{'id': 'LNX', 'iso2code': 'XX', 'value': 'Not classified'}",Tallinn,24.7586,59.4392
95,ETH,ET,Ethiopia,"{'id': 'SSF', 'iso2code': 'ZG', 'value': 'Sub-Saharan Africa '}","{'id': 'SSA', 'iso2code': 'ZF', 'value': 'Sub-Saharan Africa (excluding high income)'}","{'id': 'LIC', 'iso2code': 'XM', 'value': 'Low income'}","{'id': 'IDX', 'iso2code': 'XI', 'value': 'IDA'}",Addis Ababa,38.7468,9.02274
96,EUU,EU,European Union,"{'id': 'NA', 'iso2code': 'NA', 'value': 'Aggregates'}","{'id': '', 'iso2code': '', 'value': ''}","{'id': 'NA', 'iso2code': 'NA', 'value': 'Aggregates'}","{'id': '', 'iso2code': '', 'value': 'Aggregates'}",,,
97,FCS,F1,Fragile and conflict affected situations,"{'id': 'NA', 'iso2code': 'NA', 'value': 'Aggregates'}","{'id': '', 'iso2code': '', 'value': ''}","{'id': 'NA', 'iso2code': 'NA', 'value': 'Aggregates'}","{'id': '', 'iso2code': '', 'value': 'Aggregates'}",,,
98,FIN,FI,Finland,"{'id': 'ECS', 'iso2code': 'Z7', 'value': 'Europe & Central Asia'}","{'id': '', 'iso2code': '', 'value': ''}","{'id': 'HIC', 'iso2code': 'XD', 'value': 'High income'}","{'id': 'LNX', 'iso2code': 'XX', 'value': 'Not classified'}",Helsinki,24.9525,60.1608
99,FJI,FJ,Fiji,"{'id': 'EAS', 'iso2code': 'Z4', 'value': 'East Asia & Pacific'}","{'id': 'EAP', 'iso2code': '4E', 'value': 'East Asia & Pacific (excluding high income)'}","{'id': 'UMC', 'iso2code': 'XT', 'value': 'Upper middle income'}","{'id': 'IDB', 'iso2code': 'XH', 'value': 'Blend'}",Suva,178.399,-18.1149
100,FRA,FR,France,"{'id': 'ECS', 'iso2code': 'Z7', 'value': 'Europe & Central Asia'}","{'id': '', 'iso2code': '', 'value': ''}","{'id': 'HIC', 'iso2code': 'XD', 'value': 'High income'}","{'id': 'LNX', 'iso2code': 'XX', 'value': 'Not classified'}",Paris,2.35097,48.8566
101,FRO,FO,Faroe Islands,"{'id': 'ECS', 'iso2code': 'Z7', 'value': 'Europe & Central Asia'}","{'id': '', 'iso2code': '', 'value': ''}","{'id': 'HIC', 'iso2code': 'XD', 'value': 'High income'}","{'id': 'LNX', 'iso2code': 'XX', 'value': 'Not classified'}",Torshavn,-6.91181,61.8926
102,FSM,FM,"Micronesia, Fed. Sts.","{'id': 'EAS', 'iso2code': 'Z4', 'value': 'East Asia & Pacific'}","{'id': 'EAP', 'iso2code': '4E', 'value': 'East Asia & Pacific (excluding high income)'}","{'id': 'LMC', 'iso2code': 'XN', 'value': 'Lower middle income'}","{'id': 'IDX', 'iso2code': 'XI', 'value': 'IDA'}",Palikir,158.185,6.91771
103,FXS,6F,"IDA countries classified as fragile situations, excluding Sub-Saharan Africa","{'id': 'NA', 'iso2code': 'NA', 'value': 'Aggregates'}","{'id': '', 'iso2code': '', 'value': ''}","{'id': 'NA', 'iso2code': 'NA', 'value': 'Aggregates'}","{'id': '', 'iso2code': '', 'value': 'Aggregates'}",,,
104,GAB,GA,Gabon,"{'id': 'SSF', 'iso2code': 'ZG', 'value': 'Sub-Saharan Africa '}","{'id': 'SSA', 'iso2code': 'ZF', 'value': 'Sub-Saharan Africa (excluding high income)'}","{'id': 'UMC', 'iso2code': 'XT', 'value': 'Upper middle income'}","{'id': 'IBD', 'iso2code': 'XF', 'value': 'IBRD'}",Libreville,9.45162,0.38832
105,GBR,GB,United Kingdom,"{'id': 'ECS', 'iso2code': 'Z7', 'value': 'Europe & Central Asia'}","{'id': '', 'iso2code': '', 'value': ''}","{'id': 'HIC', 'iso2code': 'XD', 'value': 'High income'}","{'id': 'LNX', 'iso2code': 'XX', 'value': 'Not classified'}",London,-0.126236,51.5002
106,GEO,GE,Georgia,"{'id': 'ECS', 'iso2code': 'Z7', 'value': 'Europe & Central Asia'}","{'id': 'ECA', 'iso2code': '7E', 'value': 'Europe & Central Asia (excluding high income)'}","{'id': 'UMC', 'iso2code': 'XT', 'value': 'Upper middle income'}","{'id': 'IBD', 'iso2code': 'XF', 'value': 'IBRD'}",Tbilisi,44.793,41.71
107,GHA,GH,Ghana,"{'id': 'SSF', 'iso2code': 'ZG', 'value': 'Sub-Saharan Africa '}","{'id': 'SSA', 'iso2code': 'ZF', 'value': 'Sub-Saharan Africa (excluding high income)'}","{'id': 'LMC', 'iso2code': 'XN', 'value': 'Lower middle income'}","{'id': 'IDX', 'iso2code': 'XI', 'value': 'IDA'}",Accra,-0.20795,5.57045
108,GIB,GI,Gibraltar,"{'id': 'ECS', 'iso2code': 'Z7', 'value': 'Europe & Central Asia'}","{'id': '', 'iso2code': '', 'value': ''}","{'id': 'HIC', 'iso2code': 'XD', 'value': 'High income'}","{'id': 'LNX', 'iso2code': 'XX', 'value': 'Not classified'}",,,
109,GIN,GN,Guinea,"{'id': 'SSF', 'iso2code': 'ZG', 'value': 'Sub-Saharan Africa '}","{'id': 'SSA', 'iso2code': 'ZF', 'value': 'Sub-Saharan Africa (excluding high income)'}","{'id': 'LIC', 'iso2code': 'XM', 'value': 'Low income'}","{'id': 'IDX', 'iso2code': 'XI', 'value': 'IDA'}",Conakry,-13.7,9.51667
110,GMB,GM,"Gambia, The","{'id': 'SSF', 'iso2code': 'ZG', 'value': 'Sub-Saharan Africa '}","{'id': 'SSA', 'iso2code': 'ZF', 'value': 'Sub-Saharan Africa (excluding high income)'}","{'id': 'LIC', 'iso2code': 'XM', 'value': 'Low income'}","{'id': 'IDX', 'iso2code': 'XI', 'value': 'IDA'}",Banjul,-16.5885,13.4495
111,GNB,GW,Guinea-Bissau,"{'id': 'SSF', 'iso2code': 'ZG', 'value': 'Sub-Saharan Africa '}","{'id': 'SSA', 'iso2code': 'ZF', 'value': 'Sub-Saharan Africa (excluding high income)'}","{'id': 'LIC', 'iso2code': 'XM', 'value': 'Low income'}","{'id': 'IDX', 'iso2code': 'XI', 'value': 'IDA'}",Bissau,-15.1804,11.8037
112,GNQ,GQ,Equatorial Guinea,"{'id': 'SSF', 'iso2code': 'ZG', 'value': 'Sub-Saharan Africa '}","{'id': 'SSA', 'iso2code': 'ZF', 'value': 'Sub-Saharan Africa (excluding high income)'}","{'id': 'UMC', 'iso2code': 'XT', 'value': 'Upper middle income'}","{'id': 'IBD', 'iso2code': 'XF', 'value': 'IBRD'}",Malabo,8.7741,3.7523
113,GRC,GR,Greece,"{'id': 'ECS', 'iso2code': 'Z7', 'value': 'Europe & Central Asia'}","{'id': '', 'iso2code': '', 'value': ''}","{'id': 'HIC', 'iso2code': 'XD', 'value': 'High income'}","{'id': 'LNX', 'iso2code': 'XX', 'value': 'Not classified'}",Athens,23.7166,37.9792
114,GRD,GD,Grenada,"{'id': 'LCN', 'iso2code': 'ZJ', 'value': 'Latin America & Caribbean '}","{'id': 'LAC', 'iso2code': 'XJ', 'value': 'Latin America & Caribbean (excluding high income)'}","{'id': 'UMC', 'iso2code': 'XT', 'value': 'Upper middle income'}","{'id': 'IDB', 'iso2code': 'XH', 'value': 'Blend'}",Saint George's,-61.7449,12.0653
115,GRL,GL,Greenland,"{'id': 'ECS', 'iso2code': 'Z7', 'value': 'Europe & Central Asia'}","{'id': '', 'iso2code': '', 'value': ''}","{'id': 'HIC', 'iso2code': 'XD', 'value': 'High income'}","{'id': 'LNX', 'iso2code': 'XX', 'value': 'Not classified'}",Nuuk,-51.7214,64.1836
116,GTM,GT,Guatemala,"{'id': 'LCN', 'iso2code': 'ZJ', 'value': 'Latin America & Caribbean '}","{'id': 'LAC', 'iso2code': 'XJ', 'value': 'Latin America & Caribbean (excluding high income)'}","{'id': 'UMC', 'iso2code': 'XT', 'value': 'Upper middle income'}","{'id': 'IBD', 'iso2code': 'XF', 'value': 'IBRD'}",Guatemala City,-90.5328,14.6248
117,GUM,GU,Guam,"{'id': 'EAS', 'iso2code': 'Z4', 'value': 'East Asia & Pacific'}","{'id': '', 'iso2code': '', 'value': ''}","{'id': 'HIC', 'iso2code': 'XD', 'value': 'High income'}","{'id': 'LNX', 'iso2code': 'XX', 'value': 'Not classified'}",Agana,144.794,13.4443
118,GUY,GY,Guyana,"{'id': 'LCN', 'iso2code': 'ZJ', 'value': 'Latin America & Caribbean '}","{'id': 'LAC', 'iso2code': 'XJ', 'value': 'Latin America & Caribbean (excluding high income)'}","{'id': 'UMC', 'iso2code': 'XT', 'value': 'Upper middle income'}","{'id': 'IDX', 'iso2code': 'XI', 'value': 'IDA'}",Georgetown,-58.1548,6.80461
119,HIC,XD,High income,"{'id': 'NA', 'iso2code': 'NA', 'value': 'Aggregates'}","{'id': '', 'iso2code': '', 'value': ''}","{'id': 'NA', 'iso2code': 'NA', 'value': 'Aggregates'}","{'id': '', 'iso2code': '', 'value': 'Aggregates'}",,,
120,HKG,HK,"Hong Kong SAR, China","{'id': 'EAS', 'iso2code': 'Z4', 'value': 'East Asia & Pacific'}","{'id': '', 'iso2code': '', 'value': ''}","{'id': 'HIC', 'iso2code': 'XD', 'value': 'High income'}","{'id': 'LNX', 'iso2code': 'XX', 'value': 'Not classified'}",,114.109,22.3964
121,HND,HN,Honduras,"{'id': 'LCN', 'iso2code': 'ZJ', 'value': 'Latin America & Caribbean '}","{'id': 'LAC', 'iso2code': 'XJ', 'value': 'Latin America & Caribbean (excluding high income)'}","{'id': 'LMC', 'iso2code': 'XN', 'value': 'Lower middle income'}","{'id': 'IDX', 'iso2code': 'XI', 'value': 'IDA'}",Tegucigalpa,-87.4667,15.1333
122,HPC,XE,Heavily indebted poor countries (HIPC),"{'id': 'NA', 'iso2code': 'NA', 'value': 'Aggregates'}","{'id': '', 'iso2code': '', 'value': ''}","{'id': 'NA', 'iso2code': 'NA', 'value': 'Aggregates'}","{'id': '', 'iso2code': '', 'value': 'Aggregates'}",,,
123,HRV,HR,Croatia,"{'id': 'ECS', 'iso2code': 'Z7', 'value': 'Europe & Central Asia'}","{'id': '', 'iso2code': '', 'value': ''}","{'id': 'HIC', 'iso2code': 'XD', 'value': 'High income'}","{'id': 'IBD', 'iso2code': 'XF', 'value': 'IBRD'}",Zagreb,15.9614,45.8069
124,HTI,HT,Haiti,"{'id': 'LCN', 'iso2code': 'ZJ', 'value': 'Latin America & Caribbean '}","{'id': 'LAC', 'iso2code': 'XJ', 'value': 'Latin America & Caribbean (excluding high income)'}","{'id': 'LIC', 'iso2code': 'XM', 'value': 'Low income'}","{'id': 'IDX', 'iso2code': 'XI', 'value': 'IDA'}",Port-au-Prince,-72.3288,18.5392
125,HUN,HU,Hungary,"{'id': 'ECS', 'iso2code': 'Z7', 'value': 'Europe & Central Asia'}","{'id': '', 'iso2code': '', 'value': ''}","{'id': 'HIC', 'iso2code': 'XD', 'value': 'High income'}","{'id': 'LNX', 'iso2code': 'XX', 'value': 'Not classified'}",Budapest,19.0408,47.4984
126,IBB,ZB,"IBRD, including blend","{'id': 'NA', 'iso2code': 'NA', 'value': 'Aggregates'}","{'id': '', 'iso2code': '', 'value': ''}","{'id': 'NA', 'iso2code': 'NA', 'value': 'Aggregates'}","{'id': '', 'iso2code': '', 'value': 'Aggregates'}",,,
127,IBD,XF,IBRD only,"{'id': 'NA', 'iso2code': 'NA', 'value': 'Aggregates'}","{'id': '', 'iso2code': '', 'value': ''}","{'id': 'NA', 'iso2code': 'NA', 'value': 'Aggregates'}","{'id': '', 'iso2code': '', 'value': 'Aggregates'}",,,
128,IBT,ZT,IDA & IBRD total,"{'id': 'NA', 'iso2code': 'NA', 'value': 'Aggregates'}","{'id': '', 'iso2code': '', 'value': ''}","{'id': 'NA', 'iso2code': 'NA', 'value': 'Aggregates'}","{'id': '', 'iso2code': '', 'value': 'Aggregates'}",,,
129,IDA,XG,IDA total,"{'id': 'NA', 'iso2code': 'NA', 'value': 'Aggregates'}","{'id': '', 'iso2code': '', 'value': ''}","{'id': 'NA', 'iso2code': 'NA', 'value': 'Aggregates'}","{'id': '', 'iso2code': '', 'value': 'Aggregates'}",,,
130,IDB,XH,IDA blend,"{'id': 'NA', 'iso2code': 'NA', 'value': 'Aggregates'}","{'id': '', 'iso2code': '', 'value': ''}","{'id': 'NA', 'iso2code': 'NA', 'value': 'Aggregates'}","{'id': '', 'iso2code': '', 'value': 'Aggregates'}",,,
131,IDN,ID,Indonesia,"{'id': 'EAS', 'iso2code': 'Z4', 'value': 'East Asia & Pacific'}","{'id': 'EAP', 'iso2code': '4E', 'value': 'East Asia & Pacific (excluding high income)'}","{'id': 'UMC', 'iso2code': 'XT', 'value': 'Upper middle income'}","{'id': 'IBD', 'iso2code': 'XF', 'value': 'IBRD'}",Jakarta,106.83,-6.19752
132,IDX,XI,IDA only,"{'id': 'NA', 'iso2code': 'NA', 'value': 'Aggregates'}","{'id': '', 'iso2code': '', 'value': ''}","{'id': 'NA', 'iso2code': 'NA', 'value': 'Aggregates'}","{'id': '', 'iso2code': '', 'value': 'Aggregates'}",,,
133,IMN,IM,Isle of Man,"{'id': 'ECS', 'iso2code': 'Z7', 'value': 'Europe & Central Asia'}","{'id': '', 'iso2code': '', 'value': ''}","{'id': 'HIC', 'iso2code': 'XD', 'value': 'High income'}","{'id': 'LNX', 'iso2code': 'XX', 'value': 'Not classified'}",Douglas,-4.47928,54.1509
134,IND,IN,India,"{'id': 'SAS', 'iso2code': '8S', 'value': 'South Asia'}","{'id': 'SAS', 'iso2code': '8S', 'value': 'South Asia'}","{'id': 'LMC', 'iso2code': 'XN', 'value': 'Lower middle income'}","{'id': 'IBD', 'iso2code': 'XF', 'value': 'IBRD'}",New Delhi,77.225,28.6353
135,INX,XY,Not classified,"{'id': 'NA', 'iso2code': 'NA', 'value': 'Aggregates'}","{'id': '', 'iso2code': '', 'value': ''}","{'id': 'NA', 'iso2code': 'NA', 'value': 'Aggregates'}","{'id': '', 'iso2code': '', 'value': 'Aggregates'}",,,
136,IRL,IE,Ireland,"{'id': 'ECS', 'iso2code': 'Z7', 'value': 'Europe & Central Asia'}","{'id': '', 'iso2code': '', 'value': ''}","{'id': 'HIC', 'iso2code': 'XD', 'value': 'High income'}","{'id': 'LNX', 'iso2code': 'XX', 'value': 'Not classified'}",Dublin,-6.26749,53.3441
137,IRN,IR,"Iran, Islamic Rep.","{'id': 'MEA', 'iso2code': 'ZQ', 'value': 'Middle East & North Africa'}","{'id': 'MNA', 'iso2code': 'XQ', 'value': 'Middle East & North Africa (excluding high income)'}","{'id': 'UMC', 'iso2code': 'XT', 'value': 'Upper middle income'}","{'id': 'IBD', 'iso2code': 'XF', 'value': 'IBRD'}",Tehran,51.4447,35.6878
138,IRQ,IQ,Iraq,"{'id': 'MEA', 'iso2code': 'ZQ', 'value': 'Middle East & North Africa'}","{'id': 'MNA', 'iso2code': 'XQ', 'value': 'Middle East & North Africa (excluding high income)'}","{'id': 'UMC', 'iso2code': 'XT', 'value': 'Upper middle income'}","{'id': 'IBD', 'iso2code': 'XF', 'value': 'IBRD'}",Baghdad,44.394,33.3302
139,ISL,IS,Iceland,"{'id': 'ECS', 'iso2code': 'Z7', 'value': 'Europe & Central Asia'}","{'id': '', 'iso2code': '', 'value': ''}","{'id': 'HIC', 'iso2code': 'XD', 'value': 'High income'}","{'id': 'LNX', 'iso2code': 'XX', 'value': 'Not classified'}",Reykjavik,-21.8952,64.1353
140,ISR,IL,Israel,"{'id': 'MEA', 'iso2code': 'ZQ', 'value': 'Middle East & North Africa'}","{'id': '', 'iso2code': '', 'value': ''}","{'id': 'HIC', 'iso2code': 'XD', 'value': 'High income'}","{'id': 'LNX', 'iso2code': 'XX', 'value': 'Not classified'}",,35.2035,31.7717
141,ITA,IT,Italy,"{'id': 'ECS', 'iso2code': 'Z7', 'value': 'Europe & Central Asia'}","{'id': '', 'iso2code': '', 'value': ''}","{'id': 'HIC', 'iso2code': 'XD', 'value': 'High income'}","{'id': 'LNX', 'iso2code': 'XX', 'value': 'Not classified'}",Rome,12.4823,41.8955
142,JAM,JM,Jamaica,"{'id': 'LCN', 'iso2code': 'ZJ', 'value': 'Latin America & Caribbean '}","{'id': 'LAC', 'iso2code': 'XJ', 'value': 'Latin America & Caribbean (excluding high income)'}","{'id': 'UMC', 'iso2code': 'XT', 'value': 'Upper middle income'}","{'id': 'IBD', 'iso2code': 'XF', 'value': 'IBRD'}",Kingston,-76.792,17.9927
143,JOR,JO,Jordan,"{'id': 'MEA', 'iso2code': 'ZQ', 'value': 'Middle East & North Africa'}","{'id': 'MNA', 'iso2code': 'XQ', 'value': 'Middle East & North Africa (excluding high income)'}","{'id': 'UMC', 'iso2code': 'XT', 'value': 'Upper middle income'}","{'id': 'IBD', 'iso2code': 'XF', 'value': 'IBRD'}",Amman,35.9263,31.9497
144,JPN,JP,Japan,"{'id': 'EAS', 'iso2code': 'Z4', 'value': 'East Asia & Pacific'}","{'id': '', 'iso2code': '', 'value': ''}","{'id': 'HIC', 'iso2code': 'XD', 'value': 'High income'}","{'id': 'LNX', 'iso2code': 'XX', 'value': 'Not classified'}",Tokyo,139.77,35.67
145,KAZ,KZ,Kazakhstan,"{'id': 'ECS', 'iso2code': 'Z7', 'value': 'Europe & Central Asia'}","{'id': 'ECA', 'iso2code': '7E', 'value': 'Europe & Central Asia (excluding high income)'}","{'id': 'UMC', 'iso2code': 'XT', 'value': 'Upper middle income'}","{'id': 'IBD', 'iso2code': 'XF', 'value': 'IBRD'}",Astana,71.4382,51.1879
146,KEN,KE,Kenya,"{'id': 'SSF', 'iso2code': 'ZG', 'value': 'Sub-Saharan Africa '}","{'id': 'SSA', 'iso2code': 'ZF', 'value': 'Sub-Saharan Africa (excluding high income)'}","{'id': 'LMC', 'iso2code': 'XN', 'value': 'Lower middle income'}","{'id': 'IDB', 'iso2code': 'XH', 'value': 'Blend'}",Nairobi,36.8126,-1.27975
147,KGZ,KG,Kyrgyz Republic,"{'id': 'ECS', 'iso2code': 'Z7', 'value': 'Europe & Central Asia'}","{'id': 'ECA', 'iso2code': '7E', 'value': 'Europe & Central Asia (excluding high income)'}","{'id': 'LMC', 'iso2code': 'XN', 'value': 'Lower middle income'}","{'id': 'IDX', 'iso2code': 'XI', 'value': 'IDA'}",Bishkek,74.6057,42.8851
148,KHM,KH,Cambodia,"{'id': 'EAS', 'iso2code': 'Z4', 'value': 'East Asia & Pacific'}","{'id': 'EAP', 'iso2code': '4E', 'value': 'East Asia & Pacific (excluding high income)'}","{'id': 'LMC', 'iso2code': 'XN', 'value': 'Lower middle income'}","{'id': 'IDX', 'iso2code': 'XI', 'value': 'IDA'}",Phnom Penh,104.874,11.5556
149,KIR,KI,Kiribati,"{'id': 'EAS', 'iso2code': 'Z4', 'value': 'East Asia & Pacific'}","{'id': 'EAP', 'iso2code': '4E', 'value': 'East Asia & Pacific (excluding high income)'}","{'id': 'LMC', 'iso2code': 'XN', 'value': 'Lower middle income'}","{'id': 'IDX', 'iso2code': 'XI', 'value': 'IDA'}",Tarawa,172.979,1.32905
150,KNA,KN,St. Kitts and Nevis,"{'id': 'LCN', 'iso2code': 'ZJ', 'value': 'Latin America & Caribbean '}","{'id': '', 'iso2code': '', 'value': ''}","{'id': 'HIC', 'iso2code': 'XD', 'value': 'High income'}","{'id': 'IBD', 'iso2code': 'XF', 'value': 'IBRD'}",Basseterre,-62.7309,17.3
151,KOR,KR,"Korea, Rep.","{'id': 'EAS', 'iso2code': 'Z4', 'value': 'East Asia & Pacific'}","{'id': '', 'iso2code': '', 'value': ''}","{'id': 'HIC', 'iso2code': 'XD', 'value': 'High income'}","{'id': 'LNX', 'iso2code': 'XX', 'value': 'Not classified'}",Seoul,126.957,37.5323
152,KWT,KW,Kuwait,"{'id': 'MEA', 'iso2code': 'ZQ', 'value': 'Middle East & North Africa'}","{'id': '', 'iso2code': '', 'value': ''}","{'id': 'HIC', 'iso2code': 'XD', 'value': 'High income'}","{'id': 'LNX', 'iso2code': 'XX', 'value': 'Not classified'}",Kuwait City,47.9824,29.3721
153,LAC,XJ,Latin America & Caribbean (excluding high income),"{'id': 'NA', 'iso2code': 'NA', 'value': 'Aggregates'}","{'id': '', 'iso2code': '', 'value': ''}","{'id': 'NA', 'iso2code': 'NA', 'value': 'Aggregates'}","{'id': '', 'iso2code': '', 'value': 'Aggregates'}",,,
154,LAO,LA,Lao PDR,"{'id': 'EAS', 'iso2code': 'Z4', 'value': 'East Asia & Pacific'}","{'id': 'EAP', 'iso2code': '4E', 'value': 'East Asia & Pacific (excluding high income)'}","{'id': 'LMC', 'iso2code': 'XN', 'value': 'Lower middle income'}","{'id': 'IDX', 'iso2code': 'XI', 'value': 'IDA'}",Vientiane,102.177,18.5826
155,LBN,LB,Lebanon,"{'id': 'MEA', 'iso2code': 'ZQ', 'value': 'Middle East & North Africa'}","{'id': 'MNA', 'iso2code': 'XQ', 'value': 'Middle East & North Africa (excluding high income)'}","{'id': 'UMC', 'iso2code': 'XT', 'value': 'Upper middle income'}","{'id': 'IBD', 'iso2code': 'XF', 'value': 'IBRD'}",Beirut,35.5134,33.8872
156,LBR,LR,Liberia,"{'id': 'SSF', 'iso2code': 'ZG', 'value': 'Sub-Saharan Africa '}","{'id': 'SSA', 'iso2code': 'ZF', 'value': 'Sub-Saharan Africa (excluding high income)'}","{'id': 'LIC', 'iso2code': 'XM', 'value': 'Low income'}","{'id': 'IDX', 'iso2code': 'XI', 'value': 'IDA'}",Monrovia,-10.7957,6.30039
157,LBY,LY,Libya,"{'id': 'MEA', 'iso2code': 'ZQ', 'value': 'Middle East & North Africa'}","{'id': 'MNA', 'iso2code': 'XQ', 'value': 'Middle East & North Africa (excluding high income)'}","{'id': 'UMC', 'iso2code': 'XT', 'value': 'Upper middle income'}","{'id': 'IBD', 'iso2code': 'XF', 'value': 'IBRD'}",Tripoli,13.1072,32.8578
158,LCA,LC,St. Lucia,"{'id': 'LCN', 'iso2code': 'ZJ', 'value': 'Latin America & Caribbean '}","{'id': 'LAC', 'iso2code': 'XJ', 'value': 'Latin America & Caribbean (excluding high income)'}","{'id': 'UMC', 'iso2code': 'XT', 'value': 'Upper middle income'}","{'id': 'IDB', 'iso2code': 'XH', 'value': 'Blend'}",Castries,-60.9832,14
159,LCN,ZJ,Latin America & Caribbean ,"{'id': 'NA', 'iso2code': 'NA', 'value': 'Aggregates'}","{'id': '', 'iso2code': '', 'value': ''}","{'id': 'NA', 'iso2code': 'NA', 'value': 'Aggregates'}","{'id': '', 'iso2code': '', 'value': 'Aggregates'}",,,
160,LCR,L4,Latin America and the Caribbean,"{'id': 'NA', 'iso2code': 'NA', 'value': 'Aggregates'}","{'id': '', 'iso2code': '', 'value': ''}","{'id': 'NA', 'iso2code': 'NA', 'value': 'Aggregates'}","{'id': '', 'iso2code': '', 'value': 'Aggregates'}",,,
161,LDC,XL,Least developed countries: UN classification,"{'id': 'NA', 'iso2code': 'NA', 'value': 'Aggregates'}","{'id': '', 'iso2code': '', 'value': ''}","{'id': 'NA', 'iso2code': 'NA', 'value': 'Aggregates'}","{'id': '', 'iso2code': '', 'value': 'Aggregates'}",,,
162,LIC,XM,Low income,"{'id': 'NA', 'iso2code': 'NA', 'value': 'Aggregates'}","{'id': '', 'iso2code': '', 'value': ''}","{'id': 'NA', 'iso2code': 'NA', 'value': 'Aggregates'}","{'id': '', 'iso2code': '', 'value': 'Aggregates'}",,,
163,LIE,LI,Liechtenstein,"{'id': 'ECS', 'iso2code': 'Z7', 'value': 'Europe & Central Asia'}","{'id': '', 'iso2code': '', 'value': ''}","{'id': 'HIC', 'iso2code': 'XD', 'value': 'High income'}","{'id': 'LNX', 'iso2code': 'XX', 'value': 'Not classified'}",Vaduz,9.52148,47.1411
164,LKA,LK,Sri Lanka,"{'id': 'SAS', 'iso2code': '8S', 'value': 'South Asia'}","{'id': 'SAS', 'iso2code': '8S', 'value': 'South Asia'}","{'id': 'LMC', 'iso2code': 'XN', 'value': 'Lower middle income'}","{'id': 'IBD', 'iso2code': 'XF', 'value': 'IBRD'}",Colombo,79.8528,6.92148
165,LMC,XN,Lower middle income,"{'id': 'NA', 'iso2code': 'NA', 'value': 'Aggregates'}","{'id': '', 'iso2code': '', 'value': ''}","{'id': 'NA', 'iso2code': 'NA', 'value': 'Aggregates'}","{'id': '', 'iso2code': '', 'value': 'Aggregates'}",,,
166,LMY,XO,Low & middle income,"{'id': 'NA', 'iso2code': 'NA', 'value': 'Aggregates'}","{'id': '', 'iso2code': '', 'value': ''}","{'id': 'NA', 'iso2code': 'NA', 'value': 'Aggregates'}","{'id': '', 'iso2code': '', 'value': 'Aggregates'}",,,
167,LSO,LS,Lesotho,"{'id': 'SSF', 'iso2code': 'ZG', 'value': 'Sub-Saharan Africa '}","{'id': 'SSA', 'iso2code': 'ZF', 'value': 'Sub-Saharan Africa (excluding high income)'}","{'id': 'LMC', 'iso2code': 'XN', 'value': 'Lower middle income'}","{'id': 'IDX', 'iso2code': 'XI', 'value': 'IDA'}",Maseru,27.7167,-29.5208
168,LTE,V3,Late-demographic dividend,"{'id': 'NA', 'iso2code': 'NA', 'value': 'Aggregates'}","{'id': '', 'iso2code': '', 'value': ''}","{'id': 'NA', 'iso2code': 'NA', 'value': 'Aggregates'}","{'id': '', 'iso2code': '', 'value': 'Aggregates'}",,,
169,LTU,LT,Lithuania,"{'id': 'ECS', 'iso2code': 'Z7', 'value': 'Europe & Central Asia'}","{'id': '', 'iso2code': '', 'value': ''}","{'id': 'HIC', 'iso2code': 'XD', 'value': 'High income'}","{'id': 'LNX', 'iso2code': 'XX', 'value': 'Not classified'}",Vilnius,25.2799,54.6896
170,LUX,LU,Luxembourg,"{'id': 'ECS', 'iso2code': 'Z7', 'value': 'Europe & Central Asia'}","{'id': '', 'iso2code': '', 'value': ''}","{'id': 'HIC', 'iso2code': 'XD', 'value': 'High income'}","{'id': 'LNX', 'iso2code': 'XX', 'value': 'Not classified'}",Luxembourg,6.1296,49.61
171,LVA,LV,Latvia,"{'id': 'ECS', 'iso2code': 'Z7', 'value': 'Europe & Central Asia'}","{'id': '', 'iso2code': '', 'value': ''}","{'id': 'HIC', 'iso2code': 'XD', 'value': 'High income'}","{'id': 'LNX', 'iso2code': 'XX', 'value': 'Not classified'}",Riga,24.1048,56.9465
172,MAC,MO,"Macao SAR, China","{'id': 'EAS', 'iso2code': 'Z4', 'value': 'East Asia & Pacific'}","{'id': '', 'iso2code': '', 'value': ''}","{'id': 'HIC', 'iso2code': 'XD', 'value': 'High income'}","{'id': 'LNX', 'iso2code': 'XX', 'value': 'Not classified'}",,113.55,22.1667
173,MAF,MF,St. Martin (French part),"{'id': 'LCN', 'iso2code': 'ZJ', 'value': 'Latin America & Caribbean '}","{'id': '', 'iso2code': '', 'value': ''}","{'id': 'HIC', 'iso2code': 'XD', 'value': 'High income'}","{'id': 'LNX', 'iso2code': 'XX', 'value': 'Not classified'}",Marigot,,
174,MAR,MA,Morocco,"{'id': 'MEA', 'iso2code': 'ZQ', 'value': 'Middle East & North Africa'}","{'id': 'MNA', 'iso2code': 'XQ', 'value': 'Middle East & North Africa (excluding high income)'}","{'id': 'LMC', 'iso2code': 'XN', 'value': 'Lower middle income'}","{'id': 'IBD', 'iso2code': 'XF', 'value': 'IBRD'}",Rabat,-6.8704,33.9905
175,MCA,L6,Central America,"{'id': 'NA', 'iso2code': 'NA', 'value': 'Aggregates'}","{'id': '', 'iso2code': '', 'value': ''}","{'id': 'NA', 'iso2code': 'NA', 'value': 'Aggregates'}","{'id': '', 'iso2code': '', 'value': 'Aggregates'}",,,
176,MCO,MC,Monaco,"{'id': 'ECS', 'iso2code': 'Z7', 'value': 'Europe & Central Asia'}","{'id': '', 'iso2code': '', 'value': ''}","{'id': 'HIC', 'iso2code': 'XD', 'value': 'High income'}","{'id': 'LNX', 'iso2code': 'XX', 'value': 'Not classified'}",Monaco,7.41891,43.7325
177,MDA,MD,Moldova,"{'id': 'ECS', 'iso2code': 'Z7', 'value': 'Europe & Central Asia'}","{'id': 'ECA', 'iso2code': '7E', 'value': 'Europe & Central Asia (excluding high income)'}","{'id': 'LMC', 'iso2code': 'XN', 'value': 'Lower middle income'}","{'id': 'IBD', 'iso2code': 'XF', 'value': 'IBRD'}",Chisinau,28.8497,47.0167
178,MDE,M1,Middle East (developing only),"{'id': 'NA', 'iso2code': 'NA', 'value': 'Aggregates'}","{'id': '', 'iso2code': '', 'value': ''}","{'id': 'NA', 'iso2code': 'NA', 'value': 'Aggregates'}","{'id': '', 'iso2code': '', 'value': 'Aggregates'}",,,
179,MDG,MG,Madagascar,"{'id': 'SSF', 'iso2code': 'ZG', 'value': 'Sub-Saharan Africa '}","{'id': 'SSA', 'iso2code': 'ZF', 'value': 'Sub-Saharan Africa (excluding high income)'}","{'id': 'LIC', 'iso2code': 'XM', 'value': 'Low income'}","{'id': 'IDX', 'iso2code': 'XI', 'value': 'IDA'}",Antananarivo,45.7167,-20.4667
180,MDV,MV,Maldives,"{'id': 'SAS', 'iso2code': '8S', 'value': 'South Asia'}","{'id': 'SAS', 'iso2code': '8S', 'value': 'South Asia'}","{'id': 'UMC', 'iso2code': 'XT', 'value': 'Upper middle income'}","{'id': 'IDX', 'iso2code': 'XI', 'value': 'IDA'}",Male,73.5109,4.1742
181,MEA,ZQ,Middle East & North Africa,"{'id': 'NA', 'iso2code': 'NA', 'value': 'Aggregates'}","{'id': '', 'iso2code': '', 'value': ''}","{'id': 'NA', 'iso2code': 'NA', 'value': 'Aggregates'}","{'id': '', 'iso2code': '', 'value': 'Aggregates'}",,,
182,MEX,MX,Mexico,"{'id': 'LCN', 'iso2code': 'ZJ', 'value': 'Latin America & Caribbean '}","{'id': 'LAC', 'iso2code': 'XJ', 'value': 'Latin America & Caribbean (excluding high income)'}","{'id': 'UMC', 'iso2code': 'XT', 'value': 'Upper middle income'}","{'id': 'IBD', 'iso2code': 'XF', 'value': 'IBRD'}",Mexico City,-99.1276,19.427
183,MHL,MH,Marshall Islands,"{'id': 'EAS', 'iso2code': 'Z4', 'value': 'East Asia & Pacific'}","{'id': 'EAP', 'iso2code': '4E', 'value': 'East Asia & Pacific (excluding high income)'}","{'id': 'UMC', 'iso2code': 'XT', 'value': 'Upper middle income'}","{'id': 'IDX', 'iso2code': 'XI', 'value': 'IDA'}",Majuro,171.135,7.11046
184,MIC,XP,Middle income,"{'id': 'NA', 'iso2code': 'NA', 'value': 'Aggregates'}","{'id': '', 'iso2code': '', 'value': ''}","{'id': 'NA', 'iso2code': 'NA', 'value': 'Aggregates'}","{'id': '', 'iso2code': '', 'value': 'Aggregates'}",,,
185,MKD,MK,North Macedonia,"{'id': 'ECS', 'iso2code': 'Z7', 'value': 'Europe & Central Asia'}","{'id': 'ECA', 'iso2code': '7E', 'value': 'Europe & Central Asia (excluding high income)'}","{'id': 'UMC', 'iso2code': 'XT', 'value': 'Upper middle income'}","{'id': 'IBD', 'iso2code': 'XF', 'value': 'IBRD'}",Skopje,21.4361,42.0024
186,MLI,ML,Mali,"{'id': 'SSF', 'iso2code': 'ZG', 'value': 'Sub-Saharan Africa '}","{'id': 'SSA', 'iso2code': 'ZF', 'value': 'Sub-Saharan Africa (excluding high income)'}","{'id': 'LIC', 'iso2code': 'XM', 'value': 'Low income'}","{'id': 'IDX', 'iso2code': 'XI', 'value': 'IDA'}",Bamako,-7.50034,13.5667
187,MLT,MT,Malta,"{'id': 'MEA', 'iso2code': 'ZQ', 'value': 'Middle East & North Africa'}","{'id': '', 'iso2code': '', 'value': ''}","{'id': 'HIC', 'iso2code': 'XD', 'value': 'High income'}","{'id': 'LNX', 'iso2code': 'XX', 'value': 'Not classified'}",Valletta,14.5189,35.9042
188,MMR,MM,Myanmar,"{'id': 'EAS', 'iso2code': 'Z4', 'value': 'East Asia & Pacific'}","{'id': 'EAP', 'iso2code': '4E', 'value': 'East Asia & Pacific (excluding high income)'}","{'id': 'LMC', 'iso2code': 'XN', 'value': 'Lower middle income'}","{'id': 'IDX', 'iso2code': 'XI', 'value': 'IDA'}",Naypyidaw,95.9562,21.914
189,MNA,XQ,Middle East & North Africa (excluding high income),"{'id': 'NA', 'iso2code': 'NA', 'value': 'Aggregates'}","{'id': '', 'iso2code': '', 'value': ''}","{'id': 'NA', 'iso2code': 'NA', 'value': 'Aggregates'}","{'id': '', 'iso2code': '', 'value': 'Aggregates'}",,,
190,MNE,ME,Montenegro,"{'id': 'ECS', 'iso2code': 'Z7', 'value': 'Europe & Central Asia'}","{'id': 'ECA', 'iso2code': '7E', 'value': 'Europe & Central Asia (excluding high income)'}","{'id': 'UMC', 'iso2code': 'XT', 'value': 'Upper middle income'}","{'id': 'IBD', 'iso2code': 'XF', 'value': 'IBRD'}",Podgorica,19.2595,42.4602
191,MNG,MN,Mongolia,"{'id': 'EAS', 'iso2code': 'Z4', 'value': 'East Asia & Pacific'}","{'id': 'EAP', 'iso2code': '4E', 'value': 'East Asia & Pacific (excluding high income)'}","{'id': 'LMC', 'iso2code': 'XN', 'value': 'Lower middle income'}","{'id': 'IBD', 'iso2code': 'XF', 'value': 'IBRD'}",Ulaanbaatar,106.937,47.9129
192,MNP,MP,Northern Mariana Islands,"{'id': 'EAS', 'iso2code': 'Z4', 'value': 'East Asia & Pacific'}","{'id': '', 'iso2code': '', 'value': ''}","{'id': 'HIC', 'iso2code': 'XD', 'value': 'High income'}","{'id': 'LNX', 'iso2code': 'XX', 'value': 'Not classified'}",Saipan,145.765,15.1935
193,MOZ,MZ,Mozambique,"{'id': 'SSF', 'iso2code': 'ZG', 'value': 'Sub-Saharan Africa '}","{'id': 'SSA', 'iso2code': 'ZF', 'value': 'Sub-Saharan Africa (excluding high income)'}","{'id': 'LIC', 'iso2code': 'XM', 'value': 'Low income'}","{'id': 'IDX', 'iso2code': 'XI', 'value': 'IDA'}",Maputo,32.5713,-25.9664
194,MRT,MR,Mauritania,"{'id': 'SSF', 'iso2code': 'ZG', 'value': 'Sub-Saharan Africa '}","{'id': 'SSA', 'iso2code': 'ZF', 'value': 'Sub-Saharan Africa (excluding high income)'}","{'id': 'LMC', 'iso2code': 'XN', 'value': 'Lower middle income'}","{'id': 'IDX', 'iso2code': 'XI', 'value': 'IDA'}",Nouakchott,-15.9824,18.2367
195,MUS,MU,Mauritius,"{'id': 'SSF', 'iso2code': 'ZG', 'value': 'Sub-Saharan Africa '}","{'id': '', 'iso2code': '', 'value': ''}","{'id': 'HIC', 'iso2code': 'XD', 'value': 'High income'}","{'id': 'IBD', 'iso2code': 'XF', 'value': 'IBRD'}",Port Louis,57.4977,-20.1605
196,MWI,MW,Malawi,"{'id': 'SSF', 'iso2code': 'ZG', 'value': 'Sub-Saharan Africa '}","{'id': 'SSA', 'iso2code': 'ZF', 'value': 'Sub-Saharan Africa (excluding high income)'}","{'id': 'LIC', 'iso2code': 'XM', 'value': 'Low income'}","{'id': 'IDX', 'iso2code': 'XI', 'value': 'IDA'}",Lilongwe,33.7703,-13.9899
197,MYS,MY,Malaysia,"{'id': 'EAS', 'iso2code': 'Z4', 'value': 'East Asia & Pacific'}","{'id': 'EAP', 'iso2code': '4E', 'value': 'East Asia & Pacific (excluding high income)'}","{'id': 'UMC', 'iso2code': 'XT', 'value': 'Upper middle income'}","{'id': 'IBD', 'iso2code': 'XF', 'value': 'IBRD'}",Kuala Lumpur,101.684,3.12433
198,NAC,XU,North America,"{'id': 'NA', 'iso2code': 'NA', 'value': 'Aggregates'}","{'id': '', 'iso2code': '', 'value': ''}","{'id': 'NA', 'iso2code': 'NA', 'value': 'Aggregates'}","{'id': '', 'iso2code': '', 'value': 'Aggregates'}",,,
199,NAF,M2,North Africa,"{'id': 'NA', 'iso2code': 'NA', 'value': 'Aggregates'}","{'id': '', 'iso2code': '', 'value': ''}","{'id': 'NA', 'iso2code': 'NA', 'value': 'Aggregates'}","{'id': '', 'iso2code': '', 'value': 'Aggregates'}",,,
200,NAM,NA,Namibia,"{'id': 'SSF', 'iso2code': 'ZG', 'value': 'Sub-Saharan Africa '}","{'id': 'SSA', 'iso2code': 'ZF', 'value': 'Sub-Saharan Africa (excluding high income)'}","{'id': 'UMC', 'iso2code': 'XT', 'value': 'Upper middle income'}","{'id': 'IBD', 'iso2code': 'XF', 'value': 'IBRD'}",Windhoek,17.0931,-22.5648
201,NCL,NC,New Caledonia,"{'id': 'EAS', 'iso2code': 'Z4', 'value': 'East Asia & Pacific'}","{'id': '', 'iso2code': '', 'value': ''}","{'id': 'HIC', 'iso2code': 'XD', 'value': 'High income'}","{'id': 'LNX', 'iso2code': 'XX', 'value': 'Not classified'}",Noum'ea,166.464,-22.2677
202,NER,NE,Niger,"{'id': 'SSF', 'iso2code': 'ZG', 'value': 'Sub-Saharan Africa '}","{'id': 'SSA', 'iso2code': 'ZF', 'value': 'Sub-Saharan Africa (excluding high income)'}","{'id': 'LIC', 'iso2code': 'XM', 'value': 'Low income'}","{'id': 'IDX', 'iso2code': 'XI', 'value': 'IDA'}",Niamey,2.1073,13.514
203,NGA,NG,Nigeria,"{'id': 'SSF', 'iso2code': 'ZG', 'value': 'Sub-Saharan Africa '}","{'id': 'SSA', 'iso2code': 'ZF', 'value': 'Sub-Saharan Africa (excluding high income)'}","{'id': 'LMC', 'iso2code': 'XN', 'value': 'Lower middle income'}","{'id': 'IDB', 'iso2code': 'XH', 'value': 'Blend'}",Abuja,7.48906,9.05804
204,NIC,NI,Nicaragua,"{'id': 'LCN', 'iso2code': 'ZJ', 'value': 'Latin America & Caribbean '}","{'id': 'LAC', 'iso2code': 'XJ', 'value': 'Latin America & Caribbean (excluding high income)'}","{'id': 'LMC', 'iso2code': 'XN', 'value': 'Lower middle income'}","{'id': 'IDX', 'iso2code': 'XI', 'value': 'IDA'}",Managua,-86.2734,12.1475
205,NLD,NL,Netherlands,"{'id': 'ECS', 'iso2code': 'Z7', 'value': 'Europe & Central Asia'}","{'id': '', 'iso2code': '', 'value': ''}","{'id': 'HIC', 'iso2code': 'XD', 'value': 'High income'}","{'id': 'LNX', 'iso2code': 'XX', 'value': 'Not classified'}",Amsterdam,4.89095,52.3738
206,NLS,6L,"Non-resource rich Sub-Saharan Africa countries, of which landlocked","{'id': 'NA', 'iso2code': 'NA', 'value': 'Aggregates'}","{'id': '', 'iso2code': '', 'value': ''}","{'id': 'NA', 'iso2code': 'NA', 'value': 'Aggregates'}","{'id': '', 'iso2code': '', 'value': 'Aggregates'}",,,
207,NOR,NO,Norway,"{'id': 'ECS', 'iso2code': 'Z7', 'value': 'Europe & Central Asia'}","{'id': '', 'iso2code': '', 'value': ''}","{'id': 'HIC', 'iso2code': 'XD', 'value': 'High income'}","{'id': 'LNX', 'iso2code': 'XX', 'value': 'Not classified'}",Oslo,10.7387,59.9138
208,NPL,NP,Nepal,"{'id': 'SAS', 'iso2code': '8S', 'value': 'South Asia'}","{'id': 'SAS', 'iso2code': '8S', 'value': 'South Asia'}","{'id': 'LMC', 'iso2code': 'XN', 'value': 'Lower middle income'}","{'id': 'IDX', 'iso2code': 'XI', 'value': 'IDA'}",Kathmandu,85.3157,27.6939
209,NRS,6X,Non-resource rich Sub-Saharan Africa countries,"{'id': 'NA', 'iso2code': 'NA', 'value': 'Aggregates'}","{'id': '', 'iso2code': '', 'value': ''}","{'id': 'NA', 'iso2code': 'NA', 'value': 'Aggregates'}","{'id': '', 'iso2code': '', 'value': 'Aggregates'}",,,
210,NRU,NR,Nauru,"{'id': 'EAS', 'iso2code': 'Z4', 'value': 'East Asia & Pacific'}","{'id': '', 'iso2code': '', 'value': ''}","{'id': 'HIC', 'iso2code': 'XD', 'value': 'High income'}","{'id': 'IBD', 'iso2code': 'XF', 'value': 'IBRD'}",Yaren District,166.920867,-0.5477
211,NXS,6N,"IDA countries not classified as fragile situations, excluding Sub-Saharan Africa","{'id': 'NA', 'iso2code': 'NA', 'value': 'Aggregates'}","{'id': '', 'iso2code': '', 'value': ''}","{'id': 'NA', 'iso2code': 'NA', 'value': 'Aggregates'}","{'id': '', 'iso2code': '', 'value': 'Aggregates'}",,,
212,NZL,NZ,New Zealand,"{'id': 'EAS', 'iso2code': 'Z4', 'value': 'East Asia & Pacific'}","{'id': '', 'iso2code': '', 'value': ''}","{'id': 'HIC', 'iso2code': 'XD', 'value': 'High income'}","{'id': 'LNX', 'iso2code': 'XX', 'value': 'Not classified'}",Wellington,174.776,-41.2865
213,OED,OE,OECD members,"{'id': 'NA', 'iso2code': 'NA', 'value': 'Aggregates'}","{'id': '', 'iso2code': '', 'value': ''}","{'id': 'NA', 'iso2code': 'NA', 'value': 'Aggregates'}","{'id': '', 'iso2code': '', 'value': 'Aggregates'}",,,
214,OMN,OM,Oman,"{'id': 'MEA', 'iso2code': 'ZQ', 'value': 'Middle East & North Africa'}","{'id': '', 'iso2code': '', 'value': ''}","{'id': 'HIC', 'iso2code': 'XD', 'value': 'High income'}","{'id': 'LNX', 'iso2code': 'XX', 'value': 'Not classified'}",Muscat,58.5874,23.6105
215,OSS,S4,Other small states,"{'id': 'NA', 'iso2code': 'NA', 'value': 'Aggregates'}","{'id': '', 'iso2code': '', 'value': ''}","{'id': 'NA', 'iso2code': 'NA', 'value': 'Aggregates'}","{'id': '', 'iso2code': '', 'value': 'Aggregates'}",,,
216,PAK,PK,Pakistan,"{'id': 'SAS', 'iso2code': '8S', 'value': 'South Asia'}","{'id': 'SAS', 'iso2code': '8S', 'value': 'South Asia'}","{'id': 'LMC', 'iso2code': 'XN', 'value': 'Lower middle income'}","{'id': 'IDB', 'iso2code': 'XH', 'value': 'Blend'}",Islamabad,72.8,30.5167
217,PAN,PA,Panama,"{'id': 'LCN', 'iso2code': 'ZJ', 'value': 'Latin America & Caribbean '}","{'id': '', 'iso2code': '', 'value': ''}","{'id': 'HIC', 'iso2code': 'XD', 'value': 'High income'}","{'id': 'IBD', 'iso2code': 'XF', 'value': 'IBRD'}",Panama City,-79.5188,8.99427
218,PER,PE,Peru,"{'id': 'LCN', 'iso2code': 'ZJ', 'value': 'Latin America & Caribbean '}","{'id': 'LAC', 'iso2code': 'XJ', 'value': 'Latin America & Caribbean (excluding high income)'}","{'id': 'UMC', 'iso2code': 'XT', 'value': 'Upper middle income'}","{'id': 'IBD', 'iso2code': 'XF', 'value': 'IBRD'}",Lima,-77.0465,-12.0931
219,PHL,PH,Philippines,"{'id': 'EAS', 'iso2code': 'Z4', 'value': 'East Asia & Pacific'}","{'id': 'EAP', 'iso2code': '4E', 'value': 'East Asia & Pacific (excluding high income)'}","{'id': 'LMC', 'iso2code': 'XN', 'value': 'Lower middle income'}","{'id': 'IBD', 'iso2code': 'XF', 'value': 'IBRD'}",Manila,121.035,14.5515
220,PLW,PW,Palau,"{'id': 'EAS', 'iso2code': 'Z4', 'value': 'East Asia & Pacific'}","{'id': '', 'iso2code': '', 'value': ''}","{'id': 'HIC', 'iso2code': 'XD', 'value': 'High income'}","{'id': 'IBD', 'iso2code': 'XF', 'value': 'IBRD'}",Koror,134.479,7.34194
221,PNG,PG,Papua New Guinea,"{'id': 'EAS', 'iso2code': 'Z4', 'value': 'East Asia & Pacific'}","{'id': 'EAP', 'iso2code': '4E', 'value': 'East Asia & Pacific (excluding high income)'}","{'id': 'LMC', 'iso2code': 'XN', 'value': 'Lower middle income'}","{'id': 'IDB', 'iso2code': 'XH', 'value': 'Blend'}",Port Moresby,147.194,-9.47357
222,POL,PL,Poland,"{'id': 'ECS', 'iso2code': 'Z7', 'value': 'Europe & Central Asia'}","{'id': '', 'iso2code': '', 'value': ''}","{'id': 'HIC', 'iso2code': 'XD', 'value': 'High income'}","{'id': 'IBD', 'iso2code': 'XF', 'value': 'IBRD'}",Warsaw,21.02,52.26
223,PRE,V1,Pre-demographic dividend,"{'id': 'NA', 'iso2code': 'NA', 'value': 'Aggregates'}","{'id': '', 'iso2code': '', 'value': ''}","{'id': 'NA', 'iso2code': 'NA', 'value': 'Aggregates'}","{'id': '', 'iso2code': '', 'value': 'Aggregates'}",,,
224,PRI,PR,Puerto Rico,"{'id': 'LCN', 'iso2code': 'ZJ', 'value': 'Latin America & Caribbean '}","{'id': '', 'iso2code': '', 'value': ''}","{'id': 'HIC', 'iso2code': 'XD', 'value': 'High income'}","{'id': 'LNX', 'iso2code': 'XX', 'value': 'Not classified'}",San Juan,-66,18.23
225,PRK,KP,"Korea, Dem. Peoples Rep.","{'id': 'EAS', 'iso2code': 'Z4', 'value': 'East Asia & Pacific'}","{'id': 'EAP', 'iso2code': '4E', 'value': 'East Asia & Pacific (excluding high income)'}","{'id': 'LIC', 'iso2code': 'XM', 'value': 'Low income'}","{'id': 'LNX', 'iso2code': 'XX', 'value': 'Not classified'}",Pyongyang,125.754,39.0319
226,PRT,PT,Portugal,"{'id': 'ECS', 'iso2code': 'Z7', 'value': 'Europe & Central Asia'}","{'id': '', 'iso2code': '', 'value': ''}","{'id': 'HIC', 'iso2code': 'XD', 'value': 'High income'}","{'id': 'LNX', 'iso2code': 'XX', 'value': 'Not classified'}",Lisbon,-9.13552,38.7072
227,PRY,PY,Paraguay,"{'id': 'LCN', 'iso2code': 'ZJ', 'value': 'Latin America & Caribbean '}","{'id': 'LAC', 'iso2code': 'XJ', 'value': 'Latin America & Caribbean (excluding high income)'}","{'id': 'UMC', 'iso2code': 'XT', 'value': 'Upper middle income'}","{'id': 'IBD', 'iso2code': 'XF', 'value': 'IBRD'}",Asuncion,-57.6362,-25.3005
228,PSE,PS,West Bank and Gaza,"{'id': 'MEA', 'iso2code': 'ZQ', 'value': 'Middle East & North Africa'}","{'id': 'MNA', 'iso2code': 'XQ', 'value': 'Middle East & North Africa (excluding high income)'}","{'id': 'LMC', 'iso2code': 'XN', 'value': 'Lower middle income'}","{'id': 'LNX', 'iso2code': 'XX', 'value': 'Not classified'}",,,
229,PSS,S2,Pacific island small states,"{'id': 'NA', 'iso2code': 'NA', 'value': 'Aggregates'}","{'id': '', 'iso2code': '', 'value': ''}","{'id': 'NA', 'iso2code': 'NA', 'value': 'Aggregates'}","{'id': '', 'iso2code': '', 'value': 'Aggregates'}",,,
230,PST,V4,Post-demographic dividend,"{'id': 'NA', 'iso2code': 'NA', 'value': 'Aggregates'}","{'id': '', 'iso2code': '', 'value': ''}","{'id': 'NA', 'iso2code': 'NA', 'value': 'Aggregates'}","{'id': '', 'iso2code': '', 'value': 'Aggregates'}",,,
231,PYF,PF,French Polynesia,"{'id': 'EAS', 'iso2code': 'Z4', 'value': 'East Asia & Pacific'}","{'id': '', 'iso2code': '', 'value': ''}","{'id': 'HIC', 'iso2code': 'XD', 'value': 'High income'}","{'id': 'LNX', 'iso2code': 'XX', 'value': 'Not classified'}",Papeete,-149.57,-17.535
232,QAT,QA,Qatar,"{'id': 'MEA', 'iso2code': 'ZQ', 'value': 'Middle East & North Africa'}","{'id': '', 'iso2code': '', 'value': ''}","{'id': 'HIC', 'iso2code': 'XD', 'value': 'High income'}","{'id': 'LNX', 'iso2code': 'XX', 'value': 'Not classified'}",Doha,51.5082,25.2948
233,ROU,RO,Romania,"{'id': 'ECS', 'iso2code': 'Z7', 'value': 'Europe & Central Asia'}","{'id': '', 'iso2code': '', 'value': ''}","{'id': 'HIC', 'iso2code': 'XD', 'value': 'High income'}","{'id': 'IBD', 'iso2code': 'XF', 'value': 'IBRD'}",Bucharest,26.0979,44.4479
234,RRS,R6,Resource rich Sub-Saharan Africa countries,"{'id': 'NA', 'iso2code': 'NA', 'value': 'Aggregates'}","{'id': '', 'iso2code': '', 'value': ''}","{'id': 'NA', 'iso2code': 'NA', 'value': 'Aggregates'}","{'id': '', 'iso2code': '', 'value': 'Aggregates'}",,,
235,RSO,O6,"Resource rich Sub-Saharan Africa countries, of which oil exporters","{'id': 'NA', 'iso2code': 'NA', 'value': 'Aggregates'}","{'id': '', 'iso2code': '', 'value': ''}","{'id': 'NA', 'iso2code': 'NA', 'value': 'Aggregates'}","{'id': '', 'iso2code': '', 'value': 'Aggregates'}",,,
236,RUS,RU,Russian Federation,"{'id': 'ECS', 'iso2code': 'Z7', 'value': 'Europe & Central Asia'}","{'id': 'ECA', 'iso2code': '7E', 'value': 'Europe & Central Asia (excluding high income)'}","{'id': 'UMC', 'iso2code': 'XT', 'value': 'Upper middle income'}","{'id': 'IBD', 'iso2code': 'XF', 'value': 'IBRD'}",Moscow,37.6176,55.7558
237,RWA,RW,Rwanda,"{'id': 'SSF', 'iso2code': 'ZG', 'value': 'Sub-Saharan Africa '}","{'id': 'SSA', 'iso2code': 'ZF', 'value': 'Sub-Saharan Africa (excluding high income)'}","{'id': 'LIC', 'iso2code': 'XM', 'value': 'Low income'}","{'id': 'IDX', 'iso2code': 'XI', 'value': 'IDA'}",Kigali,30.0587,-1.95325
238,SAS,8S,South Asia,"{'id': 'NA', 'iso2code': 'NA', 'value': 'Aggregates'}","{'id': '', 'iso2code': '', 'value': ''}","{'id': 'NA', 'iso2code': 'NA', 'value': 'Aggregates'}","{'id': '', 'iso2code': '', 'value': 'Aggregates'}",,,
239,SAU,SA,Saudi Arabia,"{'id': 'MEA', 'iso2code': 'ZQ', 'value': 'Middle East & North Africa'}","{'id': '', 'iso2code': '', 'value': ''}","{'id': 'HIC', 'iso2code': 'XD', 'value': 'High income'}","{'id': 'LNX', 'iso2code': 'XX', 'value': 'Not classified'}",Riyadh,46.6977,24.6748
240,SCE,L7,Southern Cone,"{'id': 'NA', 'iso2code': 'NA', 'value': 'Aggregates'}","{'id': '', 'iso2code': '', 'value': ''}","{'id': 'NA', 'iso2code': 'NA', 'value': 'Aggregates'}","{'id': '', 'iso2code': '', 'value': 'Aggregates'}",,,
241,SDN,SD,Sudan,"{'id': 'SSF', 'iso2code': 'ZG', 'value': 'Sub-Saharan Africa '}","{'id': 'SSA', 'iso2code': 'ZF', 'value': 'Sub-Saharan Africa (excluding high income)'}","{'id': 'LIC', 'iso2code': 'XM', 'value': 'Low income'}","{'id': 'IDX', 'iso2code': 'XI', 'value': 'IDA'}",Khartoum,32.5363,15.5932
242,SEN,SN,Senegal,"{'id': 'SSF', 'iso2code': 'ZG', 'value': 'Sub-Saharan Africa '}","{'id': 'SSA', 'iso2code': 'ZF', 'value': 'Sub-Saharan Africa (excluding high income)'}","{'id': 'LMC', 'iso2code': 'XN', 'value': 'Lower middle income'}","{'id': 'IDX', 'iso2code': 'XI', 'value': 'IDA'}",Dakar,-17.4734,14.7247
243,SGP,SG,Singapore,"{'id': 'EAS', 'iso2code': 'Z4', 'value': 'East Asia & Pacific'}","{'id': '', 'iso2code': '', 'value': ''}","{'id': 'HIC', 'iso2code': 'XD', 'value': 'High income'}","{'id': 'LNX', 'iso2code': 'XX', 'value': 'Not classified'}",Singapore,103.85,1.28941
244,SLB,SB,Solomon Islands,"{'id': 'EAS', 'iso2code': 'Z4', 'value': 'East Asia & Pacific'}","{'id': 'EAP', 'iso2code': '4E', 'value': 'East Asia & Pacific (excluding high income)'}","{'id': 'LMC', 'iso2code': 'XN', 'value': 'Lower middle income'}","{'id': 'IDX', 'iso2code': 'XI', 'value': 'IDA'}",Honiara,159.949,-9.42676
245,SLE,SL,Sierra Leone,"{'id': 'SSF', 'iso2code': 'ZG', 'value': 'Sub-Saharan Africa '}","{'id': 'SSA', 'iso2code': 'ZF', 'value': 'Sub-Saharan Africa (excluding high income)'}","{'id': 'LIC', 'iso2code': 'XM', 'value': 'Low income'}","{'id': 'IDX', 'iso2code': 'XI', 'value': 'IDA'}",Freetown,-13.2134,8.4821
246,SLV,SV,El Salvador,"{'id': 'LCN', 'iso2code': 'ZJ', 'value': 'Latin America & Caribbean '}","{'id': 'LAC', 'iso2code': 'XJ', 'value': 'Latin America & Caribbean (excluding high income)'}","{'id': 'LMC', 'iso2code': 'XN', 'value': 'Lower middle income'}","{'id': 'IBD', 'iso2code': 'XF', 'value': 'IBRD'}",San Salvador,-89.2073,13.7034
247,SMR,SM,San Marino,"{'id': 'ECS', 'iso2code': 'Z7', 'value': 'Europe & Central Asia'}","{'id': '', 'iso2code': '', 'value': ''}","{'id': 'HIC', 'iso2code': 'XD', 'value': 'High income'}","{'id': 'LNX', 'iso2code': 'XX', 'value': 'Not classified'}",San Marino,12.4486,43.9322
248,SOM,SO,Somalia,"{'id': 'SSF', 'iso2code': 'ZG', 'value': 'Sub-Saharan Africa '}","{'id': 'SSA', 'iso2code': 'ZF', 'value': 'Sub-Saharan Africa (excluding high income)'}","{'id': 'LIC', 'iso2code': 'XM', 'value': 'Low income'}","{'id': 'IDX', 'iso2code': 'XI', 'value': 'IDA'}",Mogadishu,45.3254,2.07515
249,SRB,RS,Serbia,"{'id': 'ECS', 'iso2code': 'Z7', 'value': 'Europe & Central Asia'}","{'id': 'ECA', 'iso2code': '7E', 'value': 'Europe & Central Asia (excluding high income)'}","{'id': 'UMC', 'iso2code': 'XT', 'value': 'Upper middle income'}","{'id': 'IBD', 'iso2code': 'XF', 'value': 'IBRD'}",Belgrade,20.4656,44.8024
250,SSA,ZF,Sub-Saharan Africa (excluding high income),"{'id': 'NA', 'iso2code': 'NA', 'value': 'Aggregates'}","{'id': '', 'iso2code': '', 'value': ''}","{'id': 'NA', 'iso2code': 'NA', 'value': 'Aggregates'}","{'id': '', 'iso2code': '', 'value': 'Aggregates'}",,,
251,SSD,SS,South Sudan,"{'id': 'SSF', 'iso2code': 'ZG', 'value': 'Sub-Saharan Africa '}","{'id': 'SSA', 'iso2code': 'ZF', 'value': 'Sub-Saharan Africa (excluding high income)'}","{'id': 'LIC', 'iso2code': 'XM', 'value': 'Low income'}","{'id': 'IDX', 'iso2code': 'XI', 'value': 'IDA'}",Juba,31.6,4.85
252,SSF,ZG,Sub-Saharan Africa ,"{'id': 'NA', 'iso2code': 'NA', 'value': 'Aggregates'}","{'id': '', 'iso2code': '', 'value': ''}","{'id': 'NA', 'iso2code': 'NA', 'value': 'Aggregates'}","{'id': '', 'iso2code': '', 'value': 'Aggregates'}",,,
253,SST,S1,Small states,"{'id': 'NA', 'iso2code': 'NA', 'value': 'Aggregates'}","{'id': '', 'iso2code': '', 'value': ''}","{'id': 'NA', 'iso2code': 'NA', 'value': 'Aggregates'}","{'id': '', 'iso2code': '', 'value': 'Aggregates'}",,,
254,STP,ST,Sao Tome and Principe,"{'id': 'SSF', 'iso2code': 'ZG', 'value': 'Sub-Saharan Africa '}","{'id': 'SSA', 'iso2code': 'ZF', 'value': 'Sub-Saharan Africa (excluding high income)'}","{'id': 'LMC', 'iso2code': 'XN', 'value': 'Lower middle income'}","{'id': 'IDX', 'iso2code': 'XI', 'value': 'IDA'}",Sao Tome,6.6071,0.20618
255,SUR,SR,Suriname,"{'id': 'LCN', 'iso2code': 'ZJ', 'value': 'Latin America & Caribbean '}","{'id': 'LAC', 'iso2code': 'XJ', 'value': 'Latin America & Caribbean (excluding high income)'}","{'id': 'UMC', 'iso2code': 'XT', 'value': 'Upper middle income'}","{'id': 'IBD', 'iso2code': 'XF', 'value': 'IBRD'}",Paramaribo,-55.1679,5.8232
256,SVK,SK,Slovak Republic,"{'id': 'ECS', 'iso2code': 'Z7', 'value': 'Europe & Central Asia'}","{'id': '', 'iso2code': '', 'value': ''}","{'id': 'HIC', 'iso2code': 'XD', 'value': 'High income'}","{'id': 'LNX', 'iso2code': 'XX', 'value': 'Not classified'}",Bratislava,17.1073,48.1484
257,SVN,SI,Slovenia,"{'id': 'ECS', 'iso2code': 'Z7', 'value': 'Europe & Central Asia'}","{'id': '', 'iso2code': '', 'value': ''}","{'id': 'HIC', 'iso2code': 'XD', 'value': 'High income'}","{'id': 'LNX', 'iso2code': 'XX', 'value': 'Not classified'}",Ljubljana,14.5044,46.0546
258,SWE,SE,Sweden,"{'id': 'ECS', 'iso2code': 'Z7', 'value': 'Europe & Central Asia'}","{'id': '', 'iso2code': '', 'value': ''}","{'id': 'HIC', 'iso2code': 'XD', 'value': 'High income'}","{'id': 'LNX', 'iso2code': 'XX', 'value': 'Not classified'}",Stockholm,18.0645,59.3327
259,SWZ,SZ,Eswatini,"{'id': 'SSF', 'iso2code': 'ZG', 'value': 'Sub-Saharan Africa '}","{'id': 'SSA', 'iso2code': 'ZF', 'value': 'Sub-Saharan Africa (excluding high income)'}","{'id': 'LMC', 'iso2code': 'XN', 'value': 'Lower middle income'}","{'id': 'IBD', 'iso2code': 'XF', 'value': 'IBRD'}",Mbabane,31.4659,-26.5225
260,SXM,SX,Sint Maarten (Dutch part),"{'id': 'LCN', 'iso2code': 'ZJ', 'value': 'Latin America & Caribbean '}","{'id': '', 'iso2code': '', 'value': ''}","{'id': 'HIC', 'iso2code': 'XD', 'value': 'High income'}","{'id': 'LNX', 'iso2code': 'XX', 'value': 'Not classified'}",Philipsburg,,
261,SXZ,A4,Sub-Saharan Africa excluding South Africa,"{'id': 'NA', 'iso2code': 'NA', 'value': 'Aggregates'}","{'id': '', 'iso2code': '', 'value': ''}","{'id': 'NA', 'iso2code': 'NA', 'value': 'Aggregates'}","{'id': '', 'iso2code': '', 'value': 'Aggregates'}",,,
262,SYC,SC,Seychelles,"{'id': 'SSF', 'iso2code': 'ZG', 'value': 'Sub-Saharan Africa '}","{'id': '', 'iso2code': '', 'value': ''}","{'id': 'HIC', 'iso2code': 'XD', 'value': 'High income'}","{'id': 'IBD', 'iso2code': 'XF', 'value': 'IBRD'}",Victoria,55.4466,-4.6309
263,SYR,SY,Syrian Arab Republic,"{'id': 'MEA', 'iso2code': 'ZQ', 'value': 'Middle East & North Africa'}","{'id': 'MNA', 'iso2code': 'XQ', 'value': 'Middle East & North Africa (excluding high income)'}","{'id': 'LIC', 'iso2code': 'XM', 'value': 'Low income'}","{'id': 'IDX', 'iso2code': 'XI', 'value': 'IDA'}",Damascus,36.3119,33.5146
264,TCA,TC,Turks and Caicos Islands,"{'id': 'LCN', 'iso2code': 'ZJ', 'value': 'Latin America & Caribbean '}","{'id': '', 'iso2code': '', 'value': ''}","{'id': 'HIC', 'iso2code': 'XD', 'value': 'High income'}","{'id': 'LNX', 'iso2code': 'XX', 'value': 'Not classified'}",Grand Turk,-71.141389,21.4602778
265,TCD,TD,Chad,"{'id': 'SSF', 'iso2code': 'ZG', 'value': 'Sub-Saharan Africa '}","{'id': 'SSA', 'iso2code': 'ZF', 'value': 'Sub-Saharan Africa (excluding high income)'}","{'id': 'LIC', 'iso2code': 'XM', 'value': 'Low income'}","{'id': 'IDX', 'iso2code': 'XI', 'value': 'IDA'}",N'Djamena,15.0445,12.1048
266,TEA,T4,East Asia & Pacific (IDA & IBRD countries),"{'id': 'NA', 'iso2code': 'NA', 'value': 'Aggregates'}","{'id': '', 'iso2code': '', 'value': ''}","{'id': 'NA', 'iso2code': 'NA', 'value': 'Aggregates'}","{'id': '', 'iso2code': '', 'value': 'Aggregates'}",,,
267,TEC,T7,Europe & Central Asia (IDA & IBRD countries),"{'id': 'NA', 'iso2code': 'NA', 'value': 'Aggregates'}","{'id': '', 'iso2code': '', 'value': ''}","{'id': 'NA', 'iso2code': 'NA', 'value': 'Aggregates'}","{'id': '', 'iso2code': '', 'value': 'Aggregates'}",,,
268,TGO,TG,Togo,"{'id': 'SSF', 'iso2code': 'ZG', 'value': 'Sub-Saharan Africa '}","{'id': 'SSA', 'iso2code': 'ZF', 'value': 'Sub-Saharan Africa (excluding high income)'}","{'id': 'LIC', 'iso2code': 'XM', 'value': 'Low income'}","{'id': 'IDX', 'iso2code': 'XI', 'value': 'IDA'}",Lome,1.2255,6.1228
269,THA,TH,Thailand,"{'id': 'EAS', 'iso2code': 'Z4', 'value': 'East Asia & Pacific'}","{'id': 'EAP', 'iso2code': '4E', 'value': 'East Asia & Pacific (excluding high income)'}","{'id': 'UMC', 'iso2code': 'XT', 'value': 'Upper middle income'}","{'id': 'IBD', 'iso2code': 'XF', 'value': 'IBRD'}",Bangkok,100.521,13.7308
270,TJK,TJ,Tajikistan,"{'id': 'ECS', 'iso2code': 'Z7', 'value': 'Europe & Central Asia'}","{'id': 'ECA', 'iso2code': '7E', 'value': 'Europe & Central Asia (excluding high income)'}","{'id': 'LIC', 'iso2code': 'XM', 'value': 'Low income'}","{'id': 'IDX', 'iso2code': 'XI', 'value': 'IDA'}",Dushanbe,68.7864,38.5878
271,TKM,TM,Turkmenistan,"{'id': 'ECS', 'iso2code': 'Z7', 'value': 'Europe & Central Asia'}","{'id': 'ECA', 'iso2code': '7E', 'value': 'Europe & Central Asia (excluding high income)'}","{'id': 'UMC', 'iso2code': 'XT', 'value': 'Upper middle income'}","{'id': 'IBD', 'iso2code': 'XF', 'value': 'IBRD'}",Ashgabat,58.3794,37.9509
272,TLA,T2,Latin America & the Caribbean (IDA & IBRD countries),"{'id': 'NA', 'iso2code': 'NA', 'value': 'Aggregates'}","{'id': '', 'iso2code': '', 'value': ''}","{'id': 'NA', 'iso2code': 'NA', 'value': 'Aggregates'}","{'id': '', 'iso2code': '', 'value': 'Aggregates'}",,,
273,TLS,TL,Timor-Leste,"{'id': 'EAS', 'iso2code': 'Z4', 'value': 'East Asia & Pacific'}","{'id': 'EAP', 'iso2code': '4E', 'value': 'East Asia & Pacific (excluding high income)'}","{'id': 'LMC', 'iso2code': 'XN', 'value': 'Lower middle income'}","{'id': 'IDB', 'iso2code': 'XH', 'value': 'Blend'}",Dili,125.567,-8.56667
274,TMN,T3,Middle East & North Africa (IDA & IBRD countries),"{'id': 'NA', 'iso2code': 'NA', 'value': 'Aggregates'}","{'id': '', 'iso2code': '', 'value': ''}","{'id': 'NA', 'iso2code': 'NA', 'value': 'Aggregates'}","{'id': '', 'iso2code': '', 'value': 'Aggregates'}",,,
275,TON,TO,Tonga,"{'id': 'EAS', 'iso2code': 'Z4', 'value': 'East Asia & Pacific'}","{'id': 'EAP', 'iso2code': '4E', 'value': 'East Asia & Pacific (excluding high income)'}","{'id': 'UMC', 'iso2code': 'XT', 'value': 'Upper middle income'}","{'id': 'IDX', 'iso2code': 'XI', 'value': 'IDA'}",Nuku'alofa,-175.216,-21.136
276,TSA,T5,South Asia (IDA & IBRD),"{'id': 'NA', 'iso2code': 'NA', 'value': 'Aggregates'}","{'id': '', 'iso2code': '', 'value': ''}","{'id': 'NA', 'iso2code': 'NA', 'value': 'Aggregates'}","{'id': '', 'iso2code': '', 'value': 'Aggregates'}",,,
277,TSS,T6,Sub-Saharan Africa (IDA & IBRD countries),"{'id': 'NA', 'iso2code': 'NA', 'value': 'Aggregates'}","{'id': '', 'iso2code': '', 'value': ''}","{'id': 'NA', 'iso2code': 'NA', 'value': 'Aggregates'}","{'id': '', 'iso2code': '', 'value': 'Aggregates'}",,,
278,TTO,TT,Trinidad and Tobago,"{'id': 'LCN', 'iso2code': 'ZJ', 'value': 'Latin America & Caribbean '}","{'id': '', 'iso2code': '', 'value': ''}","{'id': 'HIC', 'iso2code': 'XD', 'value': 'High income'}","{'id': 'IBD', 'iso2code': 'XF', 'value': 'IBRD'}",Port-of-Spain,-61.4789,10.6596
279,TUN,TN,Tunisia,"{'id': 'MEA', 'iso2code': 'ZQ', 'value': 'Middle East & North Africa'}","{'id': 'MNA', 'iso2code': 'XQ', 'value': 'Middle East & North Africa (excluding high income)'}","{'id': 'LMC', 'iso2code': 'XN', 'value': 'Lower middle income'}","{'id': 'IBD', 'iso2code': 'XF', 'value': 'IBRD'}",Tunis,10.21,36.7899
280,TUR,TR,Turkey,"{'id': 'ECS', 'iso2code': 'Z7', 'value': 'Europe & Central Asia'}","{'id': 'ECA', 'iso2code': '7E', 'value': 'Europe & Central Asia (excluding high income)'}","{'id': 'UMC', 'iso2code': 'XT', 'value': 'Upper middle income'}","{'id': 'IBD', 'iso2code': 'XF', 'value': 'IBRD'}",Ankara,32.3606,39.7153
281,TUV,TV,Tuvalu,"{'id': 'EAS', 'iso2code': 'Z4', 'value': 'East Asia & Pacific'}","{'id': 'EAP', 'iso2code': '4E', 'value': 'East Asia & Pacific (excluding high income)'}","{'id': 'UMC', 'iso2code': 'XT', 'value': 'Upper middle income'}","{'id': 'IDX', 'iso2code': 'XI', 'value': 'IDA'}",Funafuti,179.089567,-8.6314877
282,TWN,TW,"Taiwan, China","{'id': 'EAS', 'iso2code': 'Z4', 'value': 'East Asia & Pacific'}","{'id': '', 'iso2code': '', 'value': ''}","{'id': 'HIC', 'iso2code': 'XD', 'value': 'High income'}","{'id': 'LNX', 'iso2code': 'XX', 'value': 'Not classified'}",,,
283,TZA,TZ,Tanzania,"{'id': 'SSF', 'iso2code': 'ZG', 'value': 'Sub-Saharan Africa '}","{'id': 'SSA', 'iso2code': 'ZF', 'value': 'Sub-Saharan Africa (excluding high income)'}","{'id': 'LMC', 'iso2code': 'XN', 'value': 'Lower middle income'}","{'id': 'IDX', 'iso2code': 'XI', 'value': 'IDA'}",Dodoma,35.7382,-6.17486
284,UGA,UG,Uganda,"{'id': 'SSF', 'iso2code': 'ZG', 'value': 'Sub-Saharan Africa '}","{'id': 'SSA', 'iso2code': 'ZF', 'value': 'Sub-Saharan Africa (excluding high income)'}","{'id': 'LIC', 'iso2code': 'XM', 'value': 'Low income'}","{'id': 'IDX', 'iso2code': 'XI', 'value': 'IDA'}",Kampala,32.5729,0.314269
285,UKR,UA,Ukraine,"{'id': 'ECS', 'iso2code': 'Z7', 'value': 'Europe & Central Asia'}","{'id': 'ECA', 'iso2code': '7E', 'value': 'Europe & Central Asia (excluding high income)'}","{'id': 'LMC', 'iso2code': 'XN', 'value': 'Lower middle income'}","{'id': 'IBD', 'iso2code': 'XF', 'value': 'IBRD'}",Kiev,30.5038,50.4536
286,UMC,XT,Upper middle income,"{'id': 'NA', 'iso2code': 'NA', 'value': 'Aggregates'}","{'id': '', 'iso2code': '', 'value': ''}","{'id': 'NA', 'iso2code': 'NA', 'value': 'Aggregates'}","{'id': '', 'iso2code': '', 'value': 'Aggregates'}",,,
287,URY,UY,Uruguay,"{'id': 'LCN', 'iso2code': 'ZJ', 'value': 'Latin America & Caribbean '}","{'id': '', 'iso2code': '', 'value': ''}","{'id': 'HIC', 'iso2code': 'XD', 'value': 'High income'}","{'id': 'IBD', 'iso2code': 'XF', 'value': 'IBRD'}",Montevideo,-56.0675,-34.8941
288,USA,US,United States,"{'id': 'NAC', 'iso2code': 'XU', 'value': 'North America'}","{'id': '', 'iso2code': '', 'value': ''}","{'id': 'HIC', 'iso2code': 'XD', 'value': 'High income'}","{'id': 'LNX', 'iso2code': 'XX', 'value': 'Not classified'}",Washington D.C.,-77.032,38.8895
289,UZB,UZ,Uzbekistan,"{'id': 'ECS', 'iso2code': 'Z7', 'value': 'Europe & Central Asia'}","{'id': 'ECA', 'iso2code': '7E', 'value': 'Europe & Central Asia (excluding high income)'}","{'id': 'LMC', 'iso2code': 'XN', 'value': 'Lower middle income'}","{'id': 'IDB', 'iso2code': 'XH', 'value': 'Blend'}",Tashkent,69.269,41.3052
290,VCT,VC,St. Vincent and the Grenadines,"{'id': 'LCN', 'iso2code': 'ZJ', 'value': 'Latin America & Caribbean '}","{'id': 'LAC', 'iso2code': 'XJ', 'value': 'Latin America & Caribbean (excluding high income)'}","{'id': 'UMC', 'iso2code': 'XT', 'value': 'Upper middle income'}","{'id': 'IDB', 'iso2code': 'XH', 'value': 'Blend'}",Kingstown,-61.2653,13.2035
291,VEN,VE,"Venezuela, RB","{'id': 'LCN', 'iso2code': 'ZJ', 'value': 'Latin America & Caribbean '}","{'id': 'LAC', 'iso2code': 'XJ', 'value': 'Latin America & Caribbean (excluding high income)'}","{'id': 'UMC', 'iso2code': 'XT', 'value': 'Upper middle income'}","{'id': 'IBD', 'iso2code': 'XF', 'value': 'IBRD'}",Caracas,-69.8371,9.08165
292,VGB,VG,British Virgin Islands,"{'id': 'LCN', 'iso2code': 'ZJ', 'value': 'Latin America & Caribbean '}","{'id': '', 'iso2code': '', 'value': ''}","{'id': 'HIC', 'iso2code': 'XD', 'value': 'High income'}","{'id': 'LNX', 'iso2code': 'XX', 'value': 'Not classified'}",Road Town,-64.623056,18.431389
293,VIR,VI,Virgin Islands (U.S.),"{'id': 'LCN', 'iso2code': 'ZJ', 'value': 'Latin America & Caribbean '}","{'id': '', 'iso2code': '', 'value': ''}","{'id': 'HIC', 'iso2code': 'XD', 'value': 'High income'}","{'id': 'LNX', 'iso2code': 'XX', 'value': 'Not classified'}",Charlotte Amalie,-64.8963,18.3358
294,VNM,VN,Vietnam,"{'id': 'EAS', 'iso2code': 'Z4', 'value': 'East Asia & Pacific'}","{'id': 'EAP', 'iso2code': '4E', 'value': 'East Asia & Pacific (excluding high income)'}","{'id': 'LMC', 'iso2code': 'XN', 'value': 'Lower middle income'}","{'id': 'IBD', 'iso2code': 'XF', 'value': 'IBRD'}",Hanoi,105.825,21.0069
295,VUT,VU,Vanuatu,"{'id': 'EAS', 'iso2code': 'Z4', 'value': 'East Asia & Pacific'}","{'id': 'EAP', 'iso2code': '4E', 'value': 'East Asia & Pacific (excluding high income)'}","{'id': 'LMC', 'iso2code': 'XN', 'value': 'Lower middle income'}","{'id': 'IDX', 'iso2code': 'XI', 'value': 'IDA'}",Port-Vila,168.321,-17.7404
296,WLD,1W,World,"{'id': 'NA', 'iso2code': 'NA', 'value': 'Aggregates'}","{'id': '', 'iso2code': '', 'value': ''}","{'id': 'NA', 'iso2code': 'NA', 'value': 'Aggregates'}","{'id': '', 'iso2code': '', 'value': 'Aggregates'}",,,
297,WSM,WS,Samoa,"{'id': 'EAS', 'iso2code': 'Z4', 'value': 'East Asia & Pacific'}","{'id': 'EAP', 'iso2code': '4E', 'value': 'East Asia & Pacific (excluding high income)'}","{'id': 'UMC', 'iso2code': 'XT', 'value': 'Upper middle income'}","{'id': 'IDX', 'iso2code': 'XI', 'value': 'IDA'}",Apia,-171.752,-13.8314
298,XKX,XK,Kosovo,"{'id': 'ECS', 'iso2code': 'Z7', 'value': 'Europe & Central Asia'}","{'id': 'ECA', 'iso2code': '7E', 'value': 'Europe & Central Asia (excluding high income)'}","{'id': 'UMC', 'iso2code': 'XT', 'value': 'Upper middle income'}","{'id': 'IDX', 'iso2code': 'XI', 'value': 'IDA'}",Pristina,20.926,42.565
299,XZN,A5,Sub-Saharan Africa excluding South Africa and Nigeria,"{'id': 'NA', 'iso2code': 'NA', 'value': 'Aggregates'}","{'id': '', 'iso2code': '', 'value': ''}","{'id': 'NA', 'iso2code': 'NA', 'value': 'Aggregates'}","{'id': '', 'iso2code': '', 'value': 'Aggregates'}",,,
300,YEM,YE,"Yemen, Rep.","{'id': 'MEA', 'iso2code': 'ZQ', 'value': 'Middle East & North Africa'}","{'id': 'MNA', 'iso2code': 'XQ', 'value': 'Middle East & North Africa (excluding high income)'}","{'id': 'LIC', 'iso2code': 'XM', 'value': 'Low income'}","{'id': 'IDX', 'iso2code': 'XI', 'value': 'IDA'}",Sana'a,44.2075,15.352
301,ZAF,ZA,South Africa,"{'id': 'SSF', 'iso2code': 'ZG', 'value': 'Sub-Saharan Africa '}","{'id': 'SSA', 'iso2code': 'ZF', 'value': 'Sub-Saharan Africa (excluding high income)'}","{'id': 'UMC', 'iso2code': 'XT', 'value': 'Upper middle income'}","{'id': 'IBD', 'iso2code': 'XF', 'value': 'IBRD'}",Pretoria,28.1871,-25.746
302,ZMB,ZM,Zambia,"{'id': 'SSF', 'iso2code': 'ZG', 'value': 'Sub-Saharan Africa '}","{'id': 'SSA', 'iso2code': 'ZF', 'value': 'Sub-Saharan Africa (excluding high income)'}","{'id': 'LMC', 'iso2code': 'XN', 'value': 'Lower middle income'}","{'id': 'IDX', 'iso2code': 'XI', 'value': 'IDA'}",Lusaka,28.2937,-15.3982
303,ZWE,ZW,Zimbabwe,"{'id': 'SSF', 'iso2code': 'ZG', 'value': 'Sub-Saharan Africa '}","{'id': 'SSA', 'iso2code': 'ZF', 'value': 'Sub-Saharan Africa (excluding high income)'}","{'id': 'LMC', 'iso2code': 'XN', 'value': 'Lower middle income'}","{'id': 'IDB', 'iso2code': 'XH', 'value': 'Blend'}",Harare,31.0672,-17.8312
